Feat3;Feat4;Feat5;Feat6;Feat7;Feat8;Feat9;Feat10;Feat11;Feat16;Feat17;Feat0_1;Feat1_1;Feat1_2;Feat2_1;Feat12_1;class
8910;209;-22;-7;0;0;0;0;0;0;0;1;0;0;0;0;0
8510;104;22;-38;0;0;0;0;0;0;0;0;0;0;0;0;0
22710;385;82;54;0;0;0;0;0;0;0;1;0;0;0;0;0
24100;392;-31;-29;0;0;0;0;0;0;0;1;0;0;1;0;0
12540;211;0;-16;0;0;0;0;0;0;0;1;1;0;0;0;0
14830;492;-21;-2;0;0;0;0;0;0;0;0;1;0;1;0;0
26740;583;83;60;1;2;2;0;0;1400;800;0;1;0;1;0;0
16980;451;-30;-38;0;0;0;0;0;0;0;0;1;0;1;0;0
11090;639;54;249;0;0;0;0;0;0;0;0;1;0;1;0;0
23440;514;151;59;0;1;0;1;0;8000;8000;0;0;0;0;0;0
340;6;-87;-85;0;0;0;0;0;0;0;0;0;0;0;0;0
38820;647;259;137;0;0;0;0;0;0;0;0;0;0;1;0;0
26860;282;-46;-44;0;2;0;2;0;5000;3000;1;0;0;1;0;0
17620;557;91;151;0;1;1;0;0;300;300;1;0;0;0;0;0
2810;7;15;-82;0;0;0;0;0;0;0;0;0;0;0;0;0
21070;266;-19;-45;0;0;0;0;0;0;0;1;1;0;1;0;0
23190;368;-22;-27;0;0;0;0;0;0;0;0;0;0;1;0;0
55350;246;-65;-61;0;1;0;1;0;3000;3000;1;0;0;0;0;0
28020;51;12;-14;0;0;0;0;0;0;0;0;0;0;0;0;0
102380;508;19;37;0;8;4;4;0;13400;8000;1;1;0;1;0;0
63760;195;-73;-65;0;0;0;0;0;0;0;0;0;0;1;0;0
8080;294;-48;4;0;0;0;0;0;0;0;0;0;0;1;0;0
14210;469;-53;-8;0;0;0;0;0;0;0;0;0;0;1;0;0
15640;326;67;1;0;1;1;0;0;200;200;0;0;0;0;0;0
4420;60;-2;28;0;0;0;0;0;0;0;0;0;0;0;0;1
17660;224;-41;-27;0;5;2;3;0;9900;4000;0;1;0;1;0;1
2440;104;-71;-61;0;0;0;0;0;0;0;0;0;0;0;0;0
920;9;-65;-78;0;0;0;0;0;0;0;0;0;0;0;0;0
16030;236;-28;-36;0;2;1;1;0;5200;5000;0;0;0;1;0;0
13200;199;-18;-15;0;0;0;0;0;0;0;1;1;0;1;0;0
576040;1541;-24;-22;0;1;1;0;0;900;900;0;0;0;1;0;0
84630;233;-75;-67;0;0;0;0;0;0;0;0;0;0;0;0;0
13550;358;-7;-2;1;0;0;0;0;0;0;0;1;0;1;0;0
134890;1411;-10;9;0;1;0;1;0;6000;6000;1;0;0;1;0;1
45470;573;64;65;0;8;5;2;1;33600;20000;1;1;0;1;0;0
35940;609;28;-6;1;0;0;0;0;0;0;0;1;0;1;0;0
478520;1493;-1;-47;0;4;3;1;0;4300;3000;0;0;0;1;0;0
1310730;1504;13;9;0;2;1;1;0;4200;4000;0;0;0;1;0;0
12640;57;-63;-52;0;0;0;0;0;0;0;0;0;0;0;0;0
4690;126;-55;-65;1;0;0;0;0;0;0;1;1;0;0;0;0
9540;339;3;53;0;0;0;0;0;0;0;0;0;0;0;0;0
24890;363;-26;-32;0;1;1;0;0;500;500;0;0;0;1;0;0
30820;389;22;-4;0;0;0;0;0;0;0;1;1;0;1;0;0
6790;67;34;50;0;0;0;0;0;0;0;0;1;0;0;0;0
40370;755;223;202;0;0;0;0;0;0;0;0;0;0;0;0;0
1446770;1471;13;5;0;0;0;0;0;0;0;1;1;0;1;0;0
7530;32;12;-20;0;0;0;0;0;0;0;0;0;0;0;0;0
28570;336;3;-13;0;1;0;1;0;2000;2000;0;0;0;1;0;0
19860;300;-24;-21;0;0;0;0;0;0;0;1;0;0;1;0;0
38170;784;-27;12;0;3;1;2;0;3500;2000;1;0;0;1;0;0
7340;213;-19;-28;0;0;0;0;0;0;0;0;0;0;0;0;0
32830;1134;17;75;1;0;0;0;0;0;0;0;1;0;1;0;0
48590;134;28;84;1;1;0;0;1;20000;20000;1;1;0;0;0;0
25480;429;-14;2;0;0;0;0;0;0;0;0;1;0;1;0;0
4610;78;-68;-55;0;0;0;0;0;0;0;0;0;0;0;0;0
12440;333;-63;-38;0;0;0;0;0;0;0;0;1;0;1;0;0
16210;44;-37;-6;0;1;0;1;0;9000;9000;0;0;0;0;0;0
22890;283;104;23;0;0;0;0;0;0;0;0;0;0;1;0;0
7000;131;-40;-56;0;1;0;1;0;1000;1000;0;0;0;1;0;0
58230;279;8;27;0;0;0;0;0;0;0;0;1;0;0;0;0
15170;414;-56;-54;0;0;0;0;0;0;0;0;0;0;1;0;0
29160;435;-2;-1;0;0;0;0;0;0;0;0;1;0;1;0;0
30820;786;147;214;0;2;0;1;0;206000;200000;0;1;0;0;1;0
7160;182;-13;-34;0;0;0;0;0;0;0;0;0;0;0;0;0
19790;43;-18;0;0;0;0;0;0;0;0;0;1;0;0;0;0
44150;951;134;88;0;0;0;0;0;0;0;0;1;0;1;0;0
28010;693;23;3;0;0;0;0;0;0;0;1;0;0;1;0;0
4720;186;-62;-26;0;0;0;0;0;0;0;0;0;0;0;0;0
26960;540;101;112;0;0;0;0;0;0;0;1;0;0;1;0;0
67230;1155;57;75;1;2;1;1;0;3500;3000;0;0;1;1;0;1
11630;481;-27;21;0;0;0;0;0;0;0;0;1;0;1;0;0
60340;495;68;96;0;5;3;2;0;12500;8000;0;1;0;1;0;0
4140;111;-59;-41;0;0;0;0;0;0;0;1;0;0;0;0;0
12560;469;0;88;0;0;0;0;0;0;0;0;0;0;0;0;0
7020;98;-44;-61;0;0;0;0;0;0;0;0;0;0;0;0;0
24650;332;-29;-41;0;0;0;0;0;0;0;0;0;0;1;0;0
25910;424;-22;-3;0;1;1;0;0;900;900;1;0;0;1;0;0
129190;278;47;67;0;4;1;3;0;13500;8000;0;0;0;1;0;0
12370;346;2;15;1;0;0;0;0;0;0;0;1;0;1;0;0
24550;62;44;23;0;0;0;0;0;0;0;0;1;0;0;0;0
35510;313;8;3;0;1;1;0;0;500;500;0;0;0;1;0;0
67360;1525;139;135;1;2;1;0;1;80200;80000;0;1;0;1;0;0
44240;678;327;79;1;0;0;0;0;0;0;1;1;0;0;0;0
424650;1069;1;7;0;2;0;2;0;6000;4000;0;0;0;1;0;0
18900;208;-81;-67;0;1;0;1;0;3000;3000;1;0;1;0;0;0
715390;1923;36;36;0;1;1;0;0;300;300;0;0;0;1;0;0
5180;167;-43;-10;0;0;0;0;0;0;0;0;0;0;0;0;0
27740;443;81;41;0;0;0;0;0;0;0;1;0;0;1;0;0
397280;1630;-29;-48;0;3;1;1;1;31300;30000;1;1;0;1;0;0
11500;30;-3;-25;0;0;0;0;0;0;0;0;1;0;0;0;0
56350;999;26;19;0;2;2;0;0;1000;800;0;1;0;1;0;0
8550;205;-15;-11;0;0;0;0;0;0;0;0;1;0;0;0;0
3300;15;24;-62;0;0;0;0;0;0;0;0;0;0;0;0;0
172250;1250;-43;-50;0;2;0;1;1;73000;70000;1;0;0;1;0;0
1096910;2037;31;29;0;2;1;1;0;3700;3000;0;1;0;1;0;0
86740;486;17;25;0;2;0;2;0;9000;7000;0;0;0;1;0;0
121400;1063;-23;-29;0;2;0;2;0;8000;6000;0;1;0;1;0;0
4620;175;-63;-30;0;0;0;0;0;0;0;0;0;0;0;0;0
13160;271;58;61;0;0;0;0;0;0;0;1;0;0;0;0;0
993080;3023;49;56;0;3;1;0;2;70800;40000;1;0;0;1;0;1
39830;636;36;28;0;0;0;0;0;0;0;1;0;0;1;0;0
24360;351;-25;-16;0;2;2;0;0;1300;900;0;0;0;1;0;0
21920;763;112;117;0;1;0;1;0;4000;4000;1;1;0;0;0;0
27590;314;6;-35;0;0;0;0;0;0;0;0;1;0;1;0;0
450490;1437;-30;-28;0;6;2;4;0;12700;4000;1;0;0;1;0;1
17390;278;-31;-32;0;1;1;0;0;600;600;1;1;0;1;0;0
43900;853;24;48;0;1;0;0;1;80000;80000;1;1;0;1;0;0
507230;2116;-21;-40;0;1;0;1;0;3000;3000;1;0;0;1;0;0
9920;221;37;36;0;0;0;0;0;0;0;0;0;0;0;0;0
20250;45;13;-10;0;0;0;0;0;0;0;0;1;0;0;0;0
37170;881;-8;39;2;0;0;0;0;0;0;0;0;1;1;0;0
26780;345;18;94;0;0;0;0;0;0;0;0;0;0;0;0;0
40900;776;43;57;0;1;1;0;0;400;400;0;1;0;1;0;0
18210;150;-54;-51;0;3;1;2;0;7700;5000;0;0;0;1;0;0
19170;158;-44;-46;0;2;1;1;0;4500;4000;0;1;0;1;0;0
3420;14;5;-65;0;0;0;0;0;0;0;0;0;0;0;0;0
33540;570;-6;34;0;0;0;0;0;0;0;0;1;0;1;0;0
15740;222;4;-27;0;1;0;1;0;6000;6000;1;0;0;1;0;0
47470;466;88;14;0;0;0;0;0;0;0;1;1;0;1;0;0
7290;185;-20;0;0;0;0;0;0;0;0;0;0;0;0;0;1
58720;513;175;8;0;0;0;0;0;0;0;1;0;0;1;0;0
36770;657;25;57;0;1;0;1;0;1000;1000;0;1;0;1;0;0
3130;72;-75;-71;0;0;0;0;0;0;0;0;0;0;0;0;0
45680;1276;84;92;0;1;1;0;0;500;500;1;1;0;1;0;0
10820;524;16;75;0;0;0;0;0;0;0;1;0;0;0;0;0
15300;29;-19;-45;0;0;0;0;0;0;0;0;1;0;0;0;0
21430;776;-37;-19;1;0;0;0;0;0;0;1;1;0;1;0;0
9590;222;-49;-64;0;1;1;0;0;300;300;0;1;0;1;0;0
9840;421;-43;-28;0;0;0;0;0;0;0;0;0;0;1;0;0
57200;773;102;66;0;2;0;2;0;5000;3000;0;0;0;1;0;0
38220;1192;33;35;0;1;0;1;0;6000;6000;1;0;0;1;0;0
31710;352;-20;-9;0;2;2;0;0;1000;500;0;1;0;1;0;0
40210;193;-71;-59;0;1;0;1;0;5000;5000;0;0;0;0;0;0
48250;573;9;44;0;3;1;2;0;12600;8000;0;1;0;1;0;0
22900;332;20;-1;0;0;0;0;0;0;0;0;0;0;1;0;0
39760;211;-38;-39;0;3;3;0;0;1600;900;1;0;0;1;0;0
100960;1183;244;138;1;1;1;0;0;100;100;1;1;0;1;0;0
54900;426;120;-15;0;0;0;0;0;0;0;0;1;0;1;0;0
2890;28;2;-30;0;0;0;0;0;0;0;0;0;0;0;0;0
23200;264;-28;-18;0;3;2;0;1;40600;40000;1;0;0;1;0;0
43940;327;41;36;0;2;0;1;1;41000;40000;1;0;0;1;0;0
12400;313;9;28;0;0;0;0;0;0;0;0;0;0;0;0;0
39390;460;27;50;0;6;5;1;0;4800;2000;0;0;0;1;0;0
16220;753;50;61;0;0;0;0;0;0;0;1;0;0;1;0;0
311200;1147;-38;-62;0;3;1;2;0;14400;9000;1;0;0;1;0;0
63670;846;138;86;0;0;0;0;0;0;0;1;1;0;1;0;0
55130;800;88;61;0;0;0;0;0;0;0;1;0;0;1;0;0
12520;184;0;-26;0;0;0;0;0;0;0;1;1;0;0;0;0
2260;17;-29;-58;0;0;0;0;0;0;0;0;0;0;0;0;0
430;3;-71;-92;0;0;0;0;0;0;0;0;0;0;0;0;0
7360;213;-4;-10;0;0;0;0;0;0;0;0;0;0;0;0;0
154830;1252;33;11;0;2;2;0;0;1100;700;0;0;0;1;0;0
2020;18;-76;-76;0;1;1;0;0;400;400;0;0;0;0;0;0
122820;1191;-39;-40;0;1;0;1;0;3000;3000;0;1;0;1;0;0
42330;661;53;-22;0;1;0;0;1;20000;20000;1;0;0;1;0;0
31440;361;-27;-22;0;3;2;1;0;4600;4000;1;0;0;1;0;0
26550;330;-17;-23;0;2;1;1;0;1700;1000;0;0;0;1;0;0
47690;518;42;63;0;6;4;2;0;7400;3000;0;0;0;1;0;0
317360;1068;-36;-44;0;0;0;0;0;0;0;0;0;0;1;0;0
788650;2361;18;17;0;3;2;1;0;6100;5000;1;0;0;1;0;1
55890;1204;-3;34;0;5;0;2;3;149000;80000;1;0;0;1;0;0
30150;691;13;52;0;0;0;0;0;0;0;1;1;0;1;0;0
17590;500;36;53;1;0;0;0;0;0;0;0;1;0;1;0;0
16460;586;79;92;0;0;0;0;0;0;0;0;1;0;0;0;0
45350;469;14;21;0;4;1;3;0;6400;3000;0;0;0;1;0;0
12030;308;-16;-26;0;0;0;0;0;0;0;1;0;0;1;0;0
441960;1006;-42;-33;0;3;0;3;0;6000;3000;0;0;0;1;0;0
77040;772;143;-7;0;1;0;1;0;2000;2000;1;0;0;1;0;0
67040;785;111;84;0;2;2;0;0;1600;900;0;0;0;1;0;0
54990;182;1;-28;0;0;0;0;0;0;0;0;0;0;0;0;0
6260;268;-33;-11;0;0;0;0;0;0;0;0;0;0;0;0;0
6890;204;-34;-46;1;0;0;0;0;0;0;1;1;0;0;0;0
189840;1276;-50;-45;0;6;1;5;0;17900;7000;0;0;0;1;0;1
17170;356;-46;-19;0;1;1;0;0;500;500;1;0;0;1;0;0
23820;525;63;44;1;0;0;0;0;0;0;0;1;0;1;0;0
833250;1840;64;-6;0;4;1;2;1;14600;10000;0;1;0;1;0;0
23790;589;56;34;1;0;0;0;0;0;0;1;1;0;1;0;0
21280;217;-1;-43;0;0;0;0;0;0;0;0;0;0;1;0;0
8720;175;-48;-31;0;0;0;0;0;0;0;0;1;0;1;0;0
147400;189;55;33;0;1;1;0;0;700;700;0;1;0;0;0;0
3550;38;-89;-82;0;0;0;0;0;0;0;0;0;0;0;0;0
13990;307;-58;-43;0;0;0;0;0;0;0;0;0;0;1;0;0
7600;246;-42;-25;1;0;0;0;0;0;0;0;1;0;1;0;0
7330;102;5;-42;0;0;0;0;0;0;0;0;0;0;0;0;0
11150;201;11;-12;0;0;0;0;0;0;0;0;1;0;0;0;0
17670;255;130;56;0;0;0;0;0;0;0;0;1;0;0;0;0
31010;512;45;7;0;0;0;0;0;0;0;1;0;0;1;0;0
104390;331;91;29;0;0;0;0;0;0;0;0;0;0;0;0;0
20250;157;-41;-39;0;4;3;1;0;2600;1000;0;0;0;1;0;1
79240;1381;124;47;0;0;0;0;0;0;0;0;0;0;1;0;1
21780;944;136;209;0;0;0;0;0;0;0;0;1;0;0;0;0
7190;123;98;79;1;0;0;0;0;0;0;0;1;0;0;0;0
21780;428;110;13;0;1;0;1;0;8000;8000;1;1;0;0;0;0
41740;331;37;29;0;2;2;0;0;1100;700;0;0;0;1;0;0
25850;504;-18;13;0;0;0;0;0;0;0;1;0;0;1;0;0
11330;204;9;-46;1;0;0;0;0;0;0;1;1;0;0;0;0
19140;545;-10;-12;0;0;0;0;0;0;0;1;0;0;1;0;0
35300;816;-9;-24;0;0;0;0;0;0;0;1;0;0;1;0;0
114540;488;-23;0;0;2;0;2;0;8000;5000;0;0;0;0;0;0
560;7;-84;-82;0;0;0;0;0;0;0;0;0;0;0;0;0
9220;277;-2;-11;0;0;0;0;0;0;0;0;0;0;0;0;0
8690;92;-12;-74;0;1;0;1;0;4000;4000;0;1;0;0;0;0
24400;352;-10;-25;0;1;0;1;0;2000;2000;1;0;0;1;0;0
40200;334;45;59;0;1;1;0;0;900;900;1;0;0;1;0;1
5660;93;-55;-63;0;0;0;0;0;0;0;1;1;0;0;0;0
7780;291;-17;-7;0;0;0;0;0;0;0;0;1;0;0;0;0
3510;19;22;-52;0;0;0;0;0;0;0;0;0;0;0;0;0
269070;767;-1;4;0;2;2;0;0;800;400;0;0;0;1;0;0
10730;542;16;30;0;0;0;0;0;0;0;0;0;0;1;0;0
19430;453;5;-8;0;1;1;0;0;600;600;1;1;0;1;0;0
31540;121;-32;-30;0;0;0;0;0;0;0;0;0;0;0;0;0
2940;65;-20;-40;0;0;0;0;0;0;0;0;0;0;0;0;0
169370;644;-53;-45;0;0;0;0;0;0;0;0;1;0;1;0;0
25750;494;9;-3;0;0;0;0;0;0;0;0;0;0;1;0;0
23880;488;-4;-22;0;0;0;0;0;0;0;1;1;0;0;0;0
261010;1352;-38;-19;0;2;1;1;0;3700;3000;0;0;0;1;0;1
17500;647;74;86;0;0;0;0;0;0;0;1;1;0;0;0;0
3090;18;5;-55;0;0;0;0;0;0;0;0;0;0;0;0;0
42060;740;43;49;0;0;0;0;0;0;0;1;0;0;1;0;0
16630;81;-65;-59;0;0;0;0;0;0;0;0;0;0;0;0;0
3760;22;-46;-45;0;0;0;0;0;0;0;0;0;0;0;0;0
380320;1545;-40;-24;0;4;1;2;1;30900;20000;1;0;0;1;0;1
21300;257;33;10;0;0;0;0;0;0;0;1;1;0;1;0;0
581540;2102;7;-23;0;2;1;1;0;6500;6000;1;0;0;1;0;1
18410;30;-33;-61;0;0;0;0;0;0;0;0;0;0;0;0;0
18470;525;-46;-41;0;0;0;0;0;0;0;0;0;0;1;0;0
87250;1048;93;51;1;1;1;0;0;500;500;1;0;1;1;0;0
19500;678;112;122;0;0;0;0;0;0;0;0;1;0;0;0;0
1134540;1363;1;-5;0;2;0;2;0;7000;5000;1;1;0;1;0;0
557230;1642;2;11;0;0;0;0;0;0;0;0;0;0;1;0;0
43380;693;83;36;0;0;0;0;0;0;0;0;0;0;1;0;0
742750;3037;87;85;0;4;0;4;0;18000;8000;1;1;0;1;0;0
9990;118;17;-56;0;1;0;1;0;1000;1000;0;0;0;0;0;0
14390;329;34;36;0;0;0;0;0;0;0;0;1;0;0;0;0
14190;384;62;30;0;0;0;0;0;0;0;0;1;0;0;0;0
10320;172;4;-51;0;0;0;0;0;0;0;0;1;0;0;0;0
50580;134;15;-18;0;0;0;0;0;0;0;0;0;0;0;0;0
514800;1369;95;94;0;7;4;2;1;15700;10000;0;0;0;1;0;0
8810;262;-27;6;0;0;0;0;0;0;0;0;0;0;0;0;0
4400;67;-64;-71;0;0;0;0;0;0;0;0;0;0;0;0;0
4870;39;-15;-71;0;1;0;1;0;6000;6000;0;0;0;0;0;0
39510;204;12;40;0;1;0;1;0;5000;5000;0;0;0;0;0;0
17860;200;-44;-50;0;2;1;1;0;4200;4000;0;0;0;1;0;0
38010;410;-10;10;0;1;0;1;0;1000;1000;1;0;0;1;0;0
17570;211;-61;-53;0;4;3;0;1;70800;70000;1;0;0;1;0;0
3430;23;27;-42;0;0;0;0;0;0;0;0;0;0;0;0;0
27390;674;-17;30;0;0;0;0;0;0;0;1;0;0;1;0;0
26080;420;-21;-4;0;2;0;2;0;4000;2000;1;0;0;1;0;0
53180;1048;34;70;2;0;0;0;0;0;0;0;0;1;1;0;0
11240;554;22;82;0;0;0;0;0;0;0;0;1;0;0;0;0
36870;579;163;119;0;1;0;1;0;5000;5000;1;0;0;1;0;0
20500;717;82;157;0;0;0;0;0;0;0;0;0;0;1;0;0
29060;660;125;103;1;1;1;0;0;300;300;0;1;0;1;0;0
1189240;2159;-3;-12;0;3;2;1;0;5200;4000;0;0;0;1;0;0
68200;137;-5;-38;0;0;0;0;0;0;0;0;1;0;0;0;0
1312110;1471;24;2;0;1;0;1;0;3000;3000;0;1;0;1;0;0
7300;159;210;83;0;0;0;0;0;0;0;1;0;0;0;0;0
3590;203;-69;-60;0;0;0;0;0;0;0;0;1;0;1;0;0
336600;984;-32;-34;0;1;0;1;0;4000;4000;0;0;0;1;0;0
16380;736;63;112;0;0;0;0;0;0;0;1;0;0;0;0;0
61620;195;-33;-4;0;1;0;1;0;3000;3000;1;0;1;0;0;0
39760;783;198;102;0;1;1;0;0;900;900;1;0;0;1;0;0
2760;24;2;-40;0;0;0;0;0;0;0;0;0;0;0;0;0
6450;112;-38;-71;0;0;0;0;0;0;0;1;0;0;0;0;0
11860;292;-60;-42;0;0;0;0;0;0;0;0;0;0;1;0;0
48820;446;57;75;1;5;4;1;0;3900;2000;0;1;0;1;0;0
28930;948;-13;3;1;0;0;0;0;0;0;1;1;0;1;0;0
545470;1894;-1;-29;0;4;1;1;2;53600;30000;1;0;0;1;0;0
35800;722;27;11;1;0;0;0;0;0;0;0;1;0;1;0;0
307540;1020;-44;-32;0;0;0;0;0;0;0;0;0;0;1;0;0
20020;49;88;22;1;0;0;0;0;0;0;0;1;0;0;0;0
44730;79;-58;-49;0;0;0;0;0;0;0;0;1;0;0;0;0
26450;529;12;3;0;0;0;0;0;0;0;0;0;0;1;0;0
22710;68;-57;-70;0;0;0;0;0;0;0;0;0;0;0;0;0
13640;210;123;33;0;0;0;0;0;0;0;0;0;0;0;0;0
10520;72;46;1;0;1;0;1;0;5000;5000;0;1;0;0;0;0
43290;663;36;26;0;0;0;0;0;0;0;0;0;0;1;0;0
2560;38;-49;-14;0;2;1;1;0;1300;1000;0;1;0;0;0;0
19790;825;-32;6;1;1;1;0;0;400;400;1;1;0;1;0;0
2290;6;-7;-85;0;0;0;0;0;0;0;0;0;0;0;0;0
2440;16;-27;-60;0;0;0;0;0;0;0;0;0;0;0;0;0
29290;235;-20;24;0;1;1;0;0;500;500;0;0;0;0;0;0
16410;32;51;-20;0;0;0;0;0;0;0;0;0;0;0;0;0
9890;89;-63;-79;0;1;0;0;1;20000;20000;0;0;0;1;0;0
25490;546;-18;2;0;0;0;0;0;0;0;0;1;0;1;0;0
81410;441;-19;-56;0;3;2;1;0;10200;9000;0;1;0;1;0;1
48630;126;-48;-35;0;0;0;0;0;0;0;0;0;0;1;0;0
12980;436;-13;16;1;0;0;0;0;0;0;0;1;0;1;0;0
44960;1172;115;88;0;1;1;0;0;200;200;1;0;0;1;0;0
480250;2368;-42;13;0;2;0;1;1;34000;30000;1;0;0;1;0;0
49910;208;61;61;0;1;0;1;0;3000;3000;0;1;0;0;0;0
66320;1644;72;53;0;2;0;2;0;6000;5000;1;0;0;1;0;0
23800;540;82;65;1;0;0;0;0;0;0;0;1;0;1;0;0
36860;681;0;12;0;1;0;1;0;3000;3000;0;0;0;1;0;0
45990;349;59;94;0;3;2;1;0;4200;3000;0;0;0;1;0;0
40560;1130;82;90;0;2;2;0;0;1200;700;1;1;0;1;0;0
8170;274;-32;11;0;0;0;0;0;0;0;0;0;0;0;0;0
11390;233;-66;-55;0;0;0;0;0;0;0;1;0;0;1;0;0
3380;14;37;-65;0;0;0;0;0;0;0;0;0;0;0;0;0
8190;325;-13;3;0;0;0;0;0;0;0;0;1;0;0;0;0
439210;2259;-21;-2;0;6;3;2;1;18000;10000;1;1;0;1;0;0
58850;679;113;-20;0;3;3;0;0;1300;800;1;0;0;1;0;1
641120;1571;-17;6;0;1;1;0;0;800;800;0;0;0;1;0;0
12620;37;16;-8;0;0;0;0;0;0;0;0;0;0;0;0;0
15820;382;-32;0;0;0;0;0;0;0;0;0;0;0;1;0;0
3170;36;-88;-79;0;0;0;0;0;0;0;0;0;0;0;0;0
20730;48;-39;-46;0;1;1;0;0;400;400;0;0;0;0;0;0
45020;936;-1;35;1;1;0;1;0;1000;1000;1;0;1;1;0;0
10160;437;-40;-21;0;0;0;0;0;0;0;0;0;0;1;0;0
19910;568;-42;-3;0;0;0;0;0;0;0;0;0;0;1;0;0
14050;271;-3;2;0;1;0;0;0;300000;300000;1;0;0;1;1;0
23170;348;-18;-25;0;0;0;0;0;0;0;0;0;0;1;0;0
14190;453;-46;-2;1;0;0;0;0;0;0;1;1;0;1;0;0
16260;220;-50;-50;0;2;1;1;0;3500;3000;1;0;0;1;0;0
43730;832;10;35;2;0;0;0;0;0;0;0;0;1;1;0;0
248900;739;-9;0;1;1;1;0;0;400;400;0;1;0;1;0;0
500;7;-83;-82;0;0;0;0;0;0;0;0;0;0;0;0;0
12950;41;-65;-55;0;0;0;0;0;0;0;0;0;0;0;0;0
184710;1482;61;78;0;9;1;7;1;49800;30000;1;1;0;1;0;0
61110;439;86;62;0;4;4;0;0;1600;600;0;1;0;1;0;0
9940;226;-49;-32;0;1;1;0;0;500;500;0;0;0;1;0;0
53170;461;9;23;0;5;2;3;0;4800;2000;0;0;0;1;0;0
66520;685;118;7;0;0;0;0;0;0;0;0;1;0;1;0;0
22860;313;-42;-16;0;6;1;3;2;70500;50000;1;0;0;1;0;0
40770;910;20;-10;0;0;0;0;0;0;0;1;1;0;1;0;0
19420;60;98;20;0;0;0;0;0;0;0;0;1;0;0;0;0
14070;504;25;81;0;0;0;0;0;0;0;0;0;0;1;0;0
464220;1808;16;10;0;2;1;0;1;40700;40000;1;0;0;1;0;0
722590;2125;-17;30;0;2;0;2;0;5000;4000;0;1;0;1;0;0
7400;24;-23;-40;0;0;0;0;0;0;0;0;0;0;0;0;0
14110;280;-59;-49;0;0;0;0;0;0;0;1;0;0;1;0;0
13600;215;-60;-29;1;2;1;1;0;3600;3000;1;1;0;1;0;0
6710;164;-35;-55;1;0;0;0;0;0;0;1;1;0;0;0;0
3610;154;-67;-55;0;0;0;0;0;0;0;0;0;0;0;0;0
74470;655;148;28;0;0;0;0;0;0;0;0;0;0;1;0;0
26400;510;13;9;0;0;0;0;0;0;0;0;0;0;1;0;0
3320;98;-52;-44;0;0;0;0;0;0;0;0;0;0;0;0;0
101050;213;-8;9;0;0;0;0;0;0;0;0;0;0;1;0;0
72460;150;166;180;1;1;0;1;0;1000;1000;0;1;0;0;0;0
280830;689;94;39;0;1;0;1;0;3000;3000;0;0;0;0;0;0
4160;189;-67;-24;0;0;0;0;0;0;0;0;0;0;0;0;0
47740;276;-42;-76;0;4;1;3;0;7800;3000;0;0;0;1;0;0
4030;262;-61;-24;0;0;0;0;0;0;0;0;0;0;0;0;0
91210;2362;267;255;0;0;0;0;0;0;0;1;1;0;1;0;0
29710;473;-18;-20;0;0;0;0;0;0;0;1;1;0;1;0;0
55730;387;-89;-87;0;3;2;1;0;9600;8000;0;0;0;1;0;1
384230;751;4;6;0;3;1;2;0;9700;6000;0;0;0;0;0;1
1400;58;-62;-47;0;0;0;0;0;0;0;0;0;0;0;0;0
5500;152;-51;-1;0;2;1;0;0;250;200;1;0;0;0;0;0
66510;215;93;50;1;1;1;0;0;300;300;0;1;0;0;0;0
17930;347;668;323;2;0;0;0;0;0;0;0;1;0;0;0;0
49420;819;-2;12;0;0;0;0;0;0;0;1;1;0;1;0;0
166700;363;-34;-56;0;0;0;0;0;0;0;0;0;0;1;0;0
17470;643;-9;23;0;1;1;0;0;300;300;0;1;0;1;0;0
30110;868;73;49;0;1;0;1;0;4000;4000;0;0;0;1;0;0
72250;339;-70;-65;0;0;0;0;0;0;0;0;0;0;0;0;0
25630;423;-24;-21;0;0;0;0;0;0;0;0;0;0;1;0;0
61200;625;116;34;0;0;0;0;0;0;0;0;0;0;1;0;0
13710;613;-21;6;0;0;0;0;0;0;0;0;0;0;1;0;0
250030;687;-8;-5;0;0;0;0;0;0;0;0;0;0;1;0;0
14080;172;-38;-65;0;0;0;0;0;0;0;0;0;0;1;0;0
95280;1031;-32;-21;0;2;1;1;0;3600;3000;0;0;0;1;0;1
3430;18;-88;-74;0;0;0;0;0;0;0;0;1;0;0;0;0
11320;514;-15;33;0;0;0;0;0;0;0;1;0;0;1;0;0
32410;1205;252;295;1;0;0;0;0;0;0;1;1;0;0;0;0
121720;1170;1;2;0;1;0;1;0;5000;5000;0;1;0;1;0;0
14770;48;-60;-41;1;0;0;0;0;0;0;1;1;0;0;0;0
90090;1132;207;128;0;1;0;1;0;4000;4000;1;1;0;1;0;0
3330;37;-42;-39;0;2;2;0;0;1200;900;0;0;0;0;0;0
20140;248;-43;-57;0;1;0;1;0;3000;3000;1;1;0;1;0;0
7220;218;-29;16;0;0;0;0;0;0;0;1;0;0;0;0;0
121520;247;-25;-26;0;1;1;0;0;400;400;0;1;0;1;0;0
358490;1231;-36;-58;0;1;1;0;0;400;400;1;0;0;1;0;0
50130;1613;125;172;0;2;2;0;0;1100;600;1;1;0;1;0;0
112300;263;-55;-65;0;0;0;0;0;0;0;0;0;0;0;0;0
10730;205;-5;-16;0;0;0;0;0;0;0;0;0;0;0;0;0
5250;66;-49;36;0;0;0;0;0;0;0;0;1;0;0;0;0
22320;337;39;48;0;1;0;0;1;10000;10000;1;1;0;1;0;0
850;6;-85;-90;0;0;0;0;0;0;0;0;0;0;0;0;0
23400;140;-20;-24;0;3;3;0;0;2000;800;0;0;0;1;0;0
19630;295;-40;-11;0;3;2;1;0;8300;7000;0;0;0;1;0;0
320150;1012;-58;-42;0;2;0;2;0;5000;3000;0;0;0;1;0;0
10040;300;7;-7;0;0;0;0;0;0;0;0;0;0;0;0;0
33800;316;-5;2;0;2;1;1;0;3400;3000;0;1;0;1;0;0
19260;53;97;32;0;0;0;0;0;0;0;0;0;0;0;0;0
274170;997;15;34;0;0;0;0;0;0;0;0;0;0;1;0;0
25430;634;-11;-17;0;0;0;0;0;0;0;1;1;0;1;0;0
2700;14;-3;-65;0;0;0;0;0;0;0;0;0;0;0;0;0
15500;255;72;86;0;1;0;1;0;2000;2000;1;1;0;0;0;0
2390;50;-73;-77;0;0;0;0;0;0;0;0;0;0;0;0;0
9980;145;-3;-60;1;0;0;0;0;0;0;1;1;0;0;0;0
22440;483;-29;10;0;0;0;0;0;0;0;1;0;0;1;0;0
23860;269;-11;-38;0;1;1;0;0;200;200;1;1;0;1;0;0
31340;726;109;92;1;2;1;1;0;9500;9000;0;1;0;1;0;0
1449990;1581;51;12;0;0;0;0;0;0;0;0;0;0;1;0;0
54980;544;66;24;0;2;1;1;0;1400;1000;1;0;0;1;0;0
17290;278;-30;-39;1;1;0;1;0;4000;4000;1;1;0;1;0;0
26830;192;-77;-88;0;1;1;0;0;600;600;0;0;0;1;0;0
37840;468;-57;-47;0;2;2;0;0;1200;600;0;1;0;1;0;0
21660;433;-30;-14;0;0;0;0;0;0;0;1;0;0;1;0;0
11480;260;-57;-39;0;0;0;0;0;0;0;1;0;0;1;0;0
30990;525;5;25;0;0;0;0;0;0;0;0;1;0;1;0;0
8450;121;-63;-70;0;0;0;0;0;0;0;0;0;0;1;0;0
20260;722;-19;-42;0;0;0;0;0;0;0;0;1;0;1;0;0
27900;598;-45;-18;0;1;1;0;0;300;300;1;1;0;1;0;0
48390;532;104;16;0;0;0;0;0;0;0;0;0;0;1;0;0
19570;153;-36;-21;0;1;1;0;0;700;700;0;0;0;1;0;0
12960;194;27;3;0;0;0;0;0;0;0;0;0;0;0;0;0
26460;554;-21;1;0;1;0;1;0;1000;1000;1;0;0;1;0;0
17180;310;-50;-47;0;0;0;0;0;0;0;0;0;0;1;0;0
43490;352;26;24;0;0;0;0;0;0;0;0;0;0;1;0;0
31450;286;47;-40;0;0;0;0;0;0;0;1;0;0;1;0;0
60100;94;-43;-52;0;2;2;0;0;1000;800;0;0;0;1;0;0
8070;404;270;278;0;0;0;0;0;0;0;0;1;0;0;0;0
5050;55;99;38;0;0;0;0;0;0;0;0;0;0;0;0;0
63410;767;57;21;2;1;1;0;0;600;600;0;0;1;1;0;0
5400;39;2;-2;0;0;0;0;0;0;0;0;0;0;0;0;0
52360;1004;150;61;0;0;0;0;0;0;0;1;0;0;1;0;0
56960;200;-70;-58;0;0;0;0;0;0;0;0;0;0;0;0;0
3210;13;-5;-68;0;0;0;0;0;0;0;0;0;0;0;0;0
1910;46;-84;-80;0;0;0;0;0;0;0;0;0;0;0;0;0
52780;350;-30;-16;0;1;1;0;0;200;200;0;0;0;1;0;0
46810;552;28;47;0;3;1;1;1;27500;20000;1;1;0;1;0;0
14650;325;-56;-40;0;1;1;0;0;300;300;0;0;0;1;0;0
7130;105;134;142;1;0;0;0;0;0;0;0;1;0;0;0;0
20160;688;-40;-25;1;0;0;0;0;0;0;1;1;0;1;0;0
20640;517;-23;14;0;0;0;0;0;0;0;1;1;0;1;0;0
11830;201;-27;-18;0;0;0;0;0;0;0;0;1;0;1;0;0
73420;1202;53;96;0;5;2;2;1;30200;20000;1;0;0;1;0;0
55120;713;85;59;0;2;1;1;0;9200;9000;1;0;0;1;0;0
56650;693;64;23;0;1;0;0;1;10000;10000;0;0;0;1;0;0
50860;982;178;94;1;0;0;0;0;0;0;1;1;0;1;0;0
31610;860;10;12;0;0;0;0;0;0;0;1;1;0;1;0;0
178220;371;13;7;0;2;2;0;0;800;400;0;0;0;1;0;0
17570;471;0;48;0;1;1;0;0;700;700;0;0;0;1;0;0
33530;747;338;215;2;1;0;1;0;1000;1000;0;0;1;0;0;0
22820;311;-25;-51;0;0;0;0;0;0;0;0;1;0;1;0;0
2000;130;-78;-58;0;0;0;0;0;0;0;0;1;0;0;0;0
37610;1004;11;0;0;0;0;0;0;0;0;1;1;0;1;0;0
15600;274;-39;-30;0;0;0;0;0;0;0;1;0;0;1;0;0
2850;10;12;-75;0;0;0;0;0;0;0;0;0;0;0;0;0
16360;149;-28;-63;0;1;1;0;0;800;800;0;0;0;1;0;0
30740;318;83;22;0;1;1;0;0;900;900;0;1;0;1;0;0
59950;865;19;18;0;1;1;0;0;700;700;1;1;0;1;0;0
12850;193;-51;-60;0;0;0;0;0;0;0;1;1;0;1;0;0
18850;587;4;23;0;0;0;0;0;0;0;1;1;0;1;0;0
19740;888;103;105;0;0;0;0;0;0;0;0;0;0;1;0;0
278230;1060;-31;-18;0;1;1;0;0;900;900;0;0;0;1;0;0
81480;1112;182;40;0;1;1;0;0;300;300;1;0;0;1;0;0
42450;429;99;-10;0;0;0;0;0;0;0;1;0;0;1;0;0
17300;656;-56;-43;0;1;0;1;0;7000;7000;1;1;0;1;0;0
108010;889;-70;-60;0;4;1;2;1;41200;30000;1;0;0;1;0;0
17970;518;1;13;0;0;0;0;0;0;0;1;1;0;1;0;0
28820;171;-23;40;0;1;0;1;0;3000;3000;0;0;0;0;0;0
54610;527;95;84;0;6;1;5;0;14700;4000;1;1;0;1;0;1
8780;226;-10;-1;0;0;0;0;0;0;0;0;1;0;0;0;0
38430;406;54;-10;0;0;0;0;0;0;0;0;1;0;1;0;0
197620;406;19;-16;0;0;0;0;0;0;0;0;1;0;1;0;0
734930;2062;-29;1;0;2;1;1;0;4800;4000;1;0;0;1;0;0
12300;424;34;39;0;0;0;0;0;0;0;0;1;0;0;0;0
42470;326;26;42;0;2;2;0;0;1200;700;0;1;0;1;0;0
15840;436;27;74;0;0;0;0;0;0;0;0;0;0;0;0;0
67200;945;102;76;0;2;0;1;1;12000;10000;0;1;0;1;0;0
19820;527;73;89;0;0;0;0;0;0;0;0;0;0;1;0;0
65790;822;107;64;0;1;0;1;0;7000;7000;0;1;0;1;0;0
13600;368;-11;20;0;1;1;0;0;800;800;1;0;0;1;0;0
42560;379;-73;-57;0;1;0;1;0;4000;4000;0;0;0;0;0;0
18240;87;-53;-72;0;2;1;1;0;2500;2000;0;0;0;1;0;0
14300;275;33;14;0;0;0;0;0;0;0;0;1;0;0;0;0
144880;361;-46;-52;0;1;0;1;0;2000;2000;0;0;0;1;0;0
2595650;4365;81;66;0;0;0;0;0;0;0;0;1;0;1;0;0
7430;196;-70;-61;0;0;0;0;0;0;0;0;0;0;1;0;0
28920;472;-11;13;0;1;1;0;0;200;200;0;0;0;1;0;0
27630;733;-23;-27;0;0;0;0;0;0;0;0;0;0;1;0;0
15380;418;37;50;0;0;0;0;0;0;0;0;0;0;1;0;0
268170;1352;-41;-35;0;1;1;0;0;400;400;0;0;0;1;0;1
36970;1033;9;3;0;0;0;0;0;0;0;1;1;0;1;0;0
122850;886;-58;-52;0;3;2;1;0;6900;6000;1;0;0;1;0;1
35010;390;18;-13;0;0;0;0;0;0;0;1;0;0;1;0;0
54830;694;46;68;0;5;3;2;0;4000;1000;0;0;0;1;0;0
5880;175;-40;-24;0;0;0;0;0;0;0;0;1;0;0;0;0
5280;232;-43;5;0;0;0;0;0;0;0;0;0;0;0;0;0
16470;661;60;88;0;0;0;0;0;0;0;1;1;0;0;0;0
48950;744;67;53;0;0;0;0;0;0;0;1;1;0;1;0;0
17540;252;-23;-48;0;0;0;0;0;0;0;0;0;0;1;0;0
4170;181;-49;-34;0;0;0;0;0;0;0;0;0;0;0;0;0
154420;319;-46;-43;0;1;0;1;0;3000;3000;0;1;0;0;0;0
691310;1416;-14;-6;0;0;0;0;0;0;0;0;1;0;1;0;0
2920;20;-7;-50;0;0;0;0;0;0;0;0;0;0;0;0;0
19560;659;123;121;0;1;1;0;0;700;700;0;0;0;0;0;0
9160;300;-72;-28;0;0;0;0;0;0;0;0;0;0;1;0;0
782750;1593;9;-17;0;2;0;2;0;6000;3000;0;0;0;1;0;0
32550;167;17;-8;0;9;5;4;0;13200;6000;0;0;0;1;0;0
6170;187;-33;-16;0;0;0;0;0;0;0;0;0;0;0;0;0
25450;504;-15;-3;0;0;0;0;0;0;0;1;1;0;1;0;0
27960;591;-1;23;0;1;0;1;0;2000;2000;1;1;0;1;0;0
3860;53;-68;-77;0;0;0;0;0;0;0;0;0;0;0;0;0
54030;335;-3;13;0;6;3;3;0;13300;9000;0;0;0;1;0;0
17710;191;-22;-52;0;0;0;0;0;0;0;0;0;0;1;0;0
24490;237;-51;-42;0;3;3;0;0;1000;500;1;0;0;1;0;0
1127430;3031;58;90;0;1;1;0;0;300;300;0;1;0;1;0;0
22890;81;-63;-58;0;0;0;0;0;0;0;0;1;0;0;0;0
42110;555;213;118;0;0;0;0;0;0;0;1;0;0;1;0;0
8520;216;-21;12;0;0;0;0;0;0;0;1;0;0;0;0;0
52200;828;95;27;0;1;0;0;1;10000;10000;0;1;0;1;0;0
45450;491;63;2;0;1;1;0;0;400;400;0;1;0;1;0;0
68130;162;-9;-9;0;2;2;0;0;1000;600;0;1;0;1;0;0
104210;185;-39;-56;0;2;2;0;0;500;300;0;0;0;1;0;0
18580;121;-31;-59;0;2;2;0;0;1200;800;1;1;0;1;0;0
28300;569;-41;-20;0;1;0;1;0;8000;8000;1;0;0;1;0;0
90240;1080;177;77;0;0;0;0;0;0;0;0;0;0;1;0;0
11230;383;19;22;0;0;0;0;0;0;0;0;1;0;0;0;0
44790;57;74;-3;0;0;0;0;0;0;0;0;1;0;0;0;0
35420;290;11;-32;0;1;1;0;0;900;900;0;0;0;1;0;0
36400;411;-7;-5;0;2;1;1;0;8700;8000;0;0;0;1;0;0
162190;1702;-7;0;0;0;0;0;0;0;0;1;0;0;1;0;0
6660;274;-29;-15;0;0;0;0;0;0;0;0;0;0;0;0;0
8060;57;-81;-86;0;1;0;1;0;3000;3000;0;1;0;0;0;0
332180;1890;-33;-16;0;1;0;1;0;1000;1000;1;0;0;1;0;1
28910;307;115;20;0;0;0;0;0;0;0;1;0;0;1;0;0
1650;21;-79;-69;0;0;0;0;0;0;0;0;0;0;0;0;0
15530;237;33;-6;0;0;0;0;0;0;0;1;0;0;1;0;0
18420;255;-21;-46;0;0;0;0;0;0;0;1;0;0;1;0;0
30060;1135;29;66;0;0;0;0;0;0;0;1;0;0;1;0;0
21040;402;-38;-25;0;1;1;0;0;300;300;0;0;0;1;0;0
10970;342;17;9;0;1;1;0;0;500;500;0;0;0;0;0;0
14580;308;-42;-38;0;0;0;0;0;0;0;0;0;0;1;0;0
13770;254;-14;9;0;0;0;0;0;0;0;1;1;0;1;0;0
10590;256;-19;-2;0;0;0;0;0;0;0;0;0;0;1;0;0
3390;13;55;-68;0;0;0;0;0;0;0;0;0;0;0;0;0
5420;163;-46;-29;0;0;0;0;0;0;0;0;1;0;0;0;0
15080;351;-50;-32;0;0;0;0;0;0;0;0;0;0;1;0;0
34570;446;7;2;0;2;1;1;0;3300;3000;1;0;0;1;0;0
37670;488;19;-41;0;0;0;0;0;0;0;1;0;0;1;0;0
12140;317;8;38;0;0;0;0;0;0;0;0;0;0;1;0;0
34600;389;-13;6;0;4;0;4;0;15000;8000;0;0;0;1;0;1
13110;417;57;148;0;0;0;0;0;0;0;1;1;0;0;0;0
63550;325;15;35;0;0;0;0;0;0;0;0;0;0;0;0;0
156780;1301;10;6;0;4;3;1;0;4700;3000;0;1;0;1;0;0
12160;364;-15;-12;0;0;0;0;0;0;0;1;0;0;1;0;0
14930;244;-46;-42;0;0;0;0;0;0;0;1;0;0;1;0;0
157740;440;-31;-35;0;0;0;0;0;0;0;0;0;0;1;0;0
20420;315;-22;-35;0;0;0;0;0;0;0;1;1;0;1;0;0
12840;471;37;51;0;1;1;0;0;200;200;0;1;0;0;0;0
26360;459;154;21;1;2;2;0;0;700;500;1;1;0;0;0;0
78580;1327;147;60;0;1;0;0;1;40000;40000;1;0;0;1;0;0
32920;363;32;-27;0;0;0;0;0;0;0;0;1;0;1;0;1
21300;710;19;55;0;1;0;1;0;2000;2000;1;1;0;1;0;0
45330;648;72;40;1;2;2;0;0;900;600;1;1;0;1;0;1
13040;103;4;-59;0;1;0;1;0;3000;3000;1;1;0;0;0;0
111950;997;-8;-13;0;4;3;1;0;4400;3000;0;1;0;1;0;0
35720;306;43;-32;0;0;0;0;0;0;0;0;1;0;1;0;0
18820;299;75;24;0;1;0;1;0;4000;4000;0;0;0;0;0;0
1380;56;-49;40;0;0;0;0;0;0;0;0;0;0;0;0;0
17960;780;-38;0;1;0;0;0;0;0;0;1;1;0;1;0;0
15710;308;101;70;0;0;0;0;0;0;0;0;1;0;1;0;0
28960;444;14;0;0;1;1;0;0;300;300;0;1;0;1;0;0
13070;282;-11;-12;0;0;0;0;0;0;0;0;0;0;1;0;0
7240;164;-51;-57;0;0;0;0;0;0;0;1;0;0;1;0;0
4290;45;41;12;0;0;0;0;0;0;0;0;0;0;0;0;0
927530;1777;-32;-32;0;1;0;1;0;3000;3000;0;0;0;1;0;0
3580;84;-49;-50;0;0;0;0;0;0;0;0;0;0;0;0;0
3530;131;-71;-46;0;0;0;0;0;0;0;0;1;0;0;0;0
13960;293;-12;12;0;1;0;0;1;30000;30000;1;0;0;1;0;0
16640;407;38;35;1;0;0;0;0;0;0;0;1;0;1;0;0
26220;707;51;22;0;0;0;0;0;0;0;0;0;0;1;0;0
35910;636;8;19;0;0;0;0;0;0;0;0;1;0;1;0;0
7440;130;-26;-43;0;0;0;0;0;0;0;0;1;0;0;0;0
54500;757;35;19;2;0;0;0;0;0;0;0;0;1;1;0;0
39660;86;80;87;0;0;0;0;0;0;0;0;0;0;0;0;0
10030;244;-20;-2;0;0;0;0;0;0;0;1;1;0;0;0;0
1150;6;-59;-85;0;0;0;0;0;0;0;0;0;0;0;0;0
21760;250;-54;-48;0;2;2;0;0;600;400;0;0;0;1;0;1
55310;644;107;-1;0;3;2;1;0;4900;4000;0;1;0;1;0;0
23770;519;-21;0;0;1;1;0;0;500;500;1;1;0;1;0;0
8820;243;50;-5;0;0;0;0;0;0;0;0;0;0;1;0;0
34820;270;-22;-6;0;1;1;0;0;300;300;0;0;0;1;0;0
6330;327;-33;4;0;0;0;0;0;0;0;0;1;0;0;0;0
30810;591;23;-5;2;1;1;0;0;200;200;1;1;0;0;0;0
26590;552;-34;-13;2;0;0;0;0;0;0;0;0;1;1;0;0
3960;35;-14;-27;0;1;0;1;0;1000;1000;0;0;0;0;0;0
542890;1623;-51;-14;0;3;0;2;1;25000;20000;1;0;0;1;0;0
25920;369;17;0;0;0;0;0;0;0;0;0;0;0;1;0;0
44330;485;27;-10;0;0;0;0;0;0;0;1;0;0;1;0;0
22930;328;88;36;0;0;0;0;0;0;0;0;1;0;0;0;0
1100;6;-66;-85;0;0;0;0;0;0;0;0;0;0;0;0;0
6500;67;-87;-87;0;0;0;0;0;0;0;0;0;0;0;0;0
20660;400;-34;-11;0;1;1;0;0;400;400;1;0;0;1;0;0
31430;553;1;10;0;1;1;0;0;600;600;1;0;0;1;0;0
34050;68;38;13;0;0;0;0;0;0;0;0;1;0;0;0;0
64200;198;86;35;0;1;1;0;0;500;500;0;1;0;0;0;0
53700;573;87;16;0;0;0;0;0;0;0;1;0;0;1;0;0
25850;595;100;83;1;0;0;0;0;0;0;0;1;0;1;0;0
525630;734;-54;-48;0;1;1;0;0;200;200;1;0;0;1;0;0
50090;699;-5;19;0;3;1;2;0;12600;7000;0;0;0;1;0;1
12120;24;-54;-49;0;1;1;0;0;300;300;0;1;0;0;0;0
83570;488;-24;-3;0;3;2;1;0;1800;1000;0;1;0;1;0;0
6140;60;-17;23;0;1;1;0;0;400;400;1;1;0;0;0;0
96070;537;3;19;0;3;1;1;1;49200;40000;1;0;0;1;0;0
23960;539;54;91;0;0;0;0;0;0;0;0;0;0;1;0;0
66640;155;-13;-13;0;1;1;0;0;400;400;0;1;0;1;0;0
10210;394;169;251;0;0;0;0;0;0;0;0;1;0;0;0;0
19320;320;106;118;1;2;1;1;0;2300;2000;0;1;0;0;0;1
18780;498;21;76;0;1;0;1;0;3000;3000;0;0;0;1;0;0
10690;367;182;227;0;0;0;0;0;0;0;1;1;0;0;0;0
11740;46;-90;-96;0;1;0;1;0;4000;4000;0;0;0;1;0;0
4230;48;-92;-85;0;0;0;0;0;0;0;0;0;0;0;0;0
10680;506;3;44;0;0;0;0;0;0;0;1;1;0;0;0;0
40350;645;24;5;0;0;0;0;0;0;0;0;0;0;1;0;0
23710;481;-25;-42;0;0;0;0;0;0;0;1;0;0;1;0;0
44180;203;-10;13;0;0;0;0;0;0;0;0;0;0;0;0;0
24660;360;-22;-18;0;1;1;0;0;400;400;1;0;0;1;0;0
47370;296;-30;-28;0;4;2;2;0;8800;7000;0;0;0;1;0;0
23710;387;-32;-31;0;1;0;1;0;1000;1000;0;1;0;1;0;0
20150;64;-51;-62;0;1;0;1;0;5000;5000;0;0;0;0;0;0
9890;210;-21;-16;0;0;0;0;0;0;0;0;0;0;0;0;0
33330;482;-5;-12;0;2;1;0;1;40200;40000;0;0;0;1;0;0
59360;1033;107;31;0;2;1;1;0;2400;2000;1;0;0;1;0;1
60460;191;56;29;0;0;0;0;0;0;0;0;1;0;0;0;0
11740;278;-47;-25;0;0;0;0;0;0;0;0;0;0;1;0;0
7370;110;-63;-46;0;0;0;0;0;0;0;0;0;0;0;0;0
15460;249;15;-2;0;0;0;0;0;0;0;1;0;0;1;0;0
46020;267;-18;6;0;1;0;1;0;5000;5000;0;0;0;0;0;0
24100;197;16;-45;0;0;0;0;0;0;0;0;0;0;1;0;0
19890;236;-40;-55;0;1;0;1;0;8000;8000;1;0;0;1;0;1
239660;501;60;3;0;1;0;1;0;8000;8000;0;1;0;1;0;0
24900;159;-57;-29;0;0;0;0;0;0;0;0;0;0;0;0;0
24950;344;-7;-21;0;1;1;0;0;300;300;1;1;0;1;0;0
3410;33;-62;-32;0;0;0;0;0;0;0;0;1;0;0;0;0
11780;159;-7;-35;0;1;1;0;0;300;300;0;0;0;0;0;0
1970;17;-14;-58;0;0;0;0;0;0;0;0;0;0;0;0;0
7460;189;-31;-2;0;0;0;0;0;0;0;1;0;0;0;0;0
39900;984;-12;41;1;1;0;1;0;4000;4000;1;0;1;1;0;0
912890;2001;25;37;0;0;0;0;0;0;0;0;0;0;1;0;0
194580;697;-35;-32;0;0;0;0;0;0;0;0;0;0;1;0;0
6850;355;191;309;1;0;0;0;0;0;0;1;0;0;0;0;0
10100;23;-82;-75;0;0;0;0;0;0;0;0;0;0;0;0;0
117120;1095;-22;-24;0;3;2;1;0;5700;4000;1;0;0;1;0;0
395110;1043;46;40;0;3;0;3;0;6000;2000;0;0;0;1;0;0
36100;350;54;-26;0;1;1;0;0;100;100;1;0;0;1;0;0
13550;326;8;30;0;0;0;0;0;0;0;0;1;0;0;0;0
22710;481;191;166;0;0;0;0;0;0;0;0;1;0;1;0;0
9820;167;-60;-58;0;0;0;0;0;0;0;1;0;0;1;0;0
42340;515;46;17;0;0;0;0;0;0;0;1;1;0;1;0;0
26190;246;-29;-33;0;3;2;0;1;20500;20000;1;0;0;1;0;0
6760;24;-37;-40;0;0;0;0;0;0;0;0;0;0;0;0;0
14000;286;-59;-48;0;0;0;0;0;0;0;0;1;0;1;0;0
5700;135;-50;-40;0;0;0;0;0;0;0;1;0;0;0;0;0
23260;483;-22;8;0;0;0;0;0;0;0;1;0;0;1;0;0
21060;106;-61;-82;0;0;0;0;0;0;0;0;0;0;1;0;0
1062280;1982;-27;-27;0;2;1;1;0;5200;5000;0;0;0;1;0;0
11620;23;-76;-71;0;0;0;0;0;0;0;0;0;0;0;0;0
58660;728;87;63;0;2;1;1;0;2400;2000;1;0;0;1;0;0
22850;515;-13;-10;0;0;0;0;0;0;0;1;0;0;1;0;0
20670;376;-25;-10;0;0;0;0;0;0;0;1;0;0;1;0;0
92760;967;-42;-31;1;5;3;1;1;65800;60000;1;1;0;1;0;0
6980;37;-10;-81;0;1;1;0;0;300;300;0;0;0;0;0;0
194580;697;-35;-32;0;0;0;0;0;0;0;0;0;0;1;0;0
26860;458;244;153;0;0;0;0;0;0;0;0;1;0;1;0;0
27020;294;334;-5;1;0;0;0;0;0;0;1;0;0;1;0;0
12780;376;23;-1;1;0;0;0;0;0;0;1;1;0;0;0;0
60390;622;96;96;0;9;4;4;1;40600;20000;1;1;0;1;0;1
15840;275;90;64;0;1;0;1;0;4000;4000;1;0;0;0;0;0
26130;220;-46;-27;0;2;1;1;0;2200;2000;0;0;0;1;0;0
25480;484;-20;-8;0;1;0;1;0;7000;7000;0;0;0;1;0;0
32690;380;-31;-5;0;2;2;0;0;1100;700;0;1;0;1;0;1
101280;1116;223;112;2;1;1;0;0;700;700;0;0;1;1;0;0
16930;792;121;234;0;1;1;0;0;200;200;1;1;0;0;0;1
45670;382;26;5;0;5;1;4;0;10800;5000;1;0;0;1;0;1
459160;1714;-21;-11;0;1;0;0;1;40000;40000;1;0;0;1;0;0
19370;351;-44;-38;0;0;0;0;0;0;0;0;0;0;1;0;0
28440;405;-19;-27;0;0;0;0;0;0;0;0;1;0;1;0;0
18330;91;-57;-43;0;1;0;1;0;4000;4000;0;0;0;0;0;0
951410;1332;98;-7;0;0;0;0;0;0;0;0;0;0;1;0;0
1345240;3510;-17;16;0;0;0;0;0;0;0;0;0;0;1;0;0
9450;325;0;3;0;0;0;0;0;0;0;0;1;0;0;0;0
21220;540;-26;-14;1;0;0;0;0;0;0;1;1;0;1;0;1
28450;528;3;9;0;0;0;0;0;0;0;0;0;0;1;0;0
172120;537;-35;-41;0;0;0;0;0;0;0;0;0;0;1;0;0
2960;49;-62;-34;0;0;0;0;0;0;0;0;1;0;0;0;0
6510;187;-35;-19;0;0;0;0;0;0;0;0;1;0;0;0;0
166220;1762;7;20;0;0;0;0;0;0;0;1;0;0;1;0;1
2210;34;-64;-51;0;2;1;1;0;3400;3000;0;0;0;0;0;0
21650;348;53;18;0;0;0;0;0;0;0;1;0;0;1;0;0
179710;274;5;-42;0;4;3;1;0;3000;2000;0;1;0;1;0;0
6430;30;-33;-79;0;1;1;0;0;300;300;0;0;0;0;0;0
7590;227;-34;1;0;0;0;0;0;0;0;1;0;0;0;0;0
29480;510;-7;-39;0;0;0;0;0;0;0;1;0;0;1;0;0
38900;697;56;12;1;0;0;0;0;0;0;1;1;0;0;0;0
20760;324;41;6;0;1;1;0;0;400;400;0;0;0;1;0;1
15740;278;8;-24;1;1;0;1;0;3000;3000;0;1;0;1;0;0
56120;222;100;89;0;1;0;1;0;5000;5000;0;1;0;0;0;0
7460;240;-28;-32;0;0;0;0;0;0;0;0;0;0;0;0;0
27980;243;-40;-35;0;6;3;3;0;7000;3000;0;0;0;1;0;0
28510;805;-7;-13;0;1;0;0;1;10000;10000;1;0;0;1;0;0
15290;315;-13;-1;0;1;1;0;0;400;400;0;0;0;1;0;0
180530;324;7;3;0;0;0;0;0;0;0;0;1;0;1;0;0
133430;1074;5;-9;0;6;2;4;0;16700;8000;0;1;0;1;0;0
21970;183;-33;-45;0;5;3;2;0;11500;9000;1;0;0;1;0;0
70980;1157;161;37;0;2;0;2;0;10000;6000;1;0;0;1;0;0
42220;515;159;79;0;0;0;0;0;0;0;1;1;0;1;0;1
788230;1484;-1;-1;0;0;0;0;0;0;0;0;0;0;1;0;0
9970;323;-62;-33;0;0;0;0;0;0;0;0;1;0;1;0;0
36650;414;41;-14;0;0;0;0;0;0;0;1;1;0;1;0;0
33620;762;97;77;0;1;1;0;0;700;700;0;1;0;1;0;0
1124850;2153;37;39;0;3;1;2;0;3900;2000;0;0;1;1;0;0
6040;112;-44;-24;0;2;1;1;0;2400;2000;0;0;0;0;0;1
8620;239;-58;-31;0;0;0;0;0;0;0;0;0;0;1;0;0
31040;322;-10;1;0;5;2;3;0;9000;4000;0;0;0;1;0;0
368340;1325;-28;-4;0;1;0;1;0;2000;2000;0;0;0;1;0;0
254750;2932;50;66;0;1;0;1;0;2000;2000;1;0;0;1;0;1
24320;427;56;51;0;0;0;0;0;0;0;0;0;0;1;0;0
46880;523;30;-12;0;0;0;0;0;0;0;1;1;0;1;0;0
4310;172;-30;9;0;0;0;0;0;0;0;0;0;0;0;0;0
4120;23;-67;-52;0;0;0;0;0;0;0;0;0;0;0;0;0
481630;1678;-10;17;0;0;0;0;0;0;0;0;0;0;1;0;0
49120;485;96;-3;0;0;0;0;0;0;0;1;1;0;1;0;1
19820;362;-21;-42;0;0;0;0;0;0;0;1;1;0;0;0;0
6910;25;-85;-66;0;0;0;0;0;0;0;0;0;0;0;0;0
5280;294;-40;-1;0;0;0;0;0;0;0;0;0;0;0;0;0
37710;233;2;-12;0;1;0;1;0;2000;2000;0;0;0;1;0;0
26880;317;6;-22;0;0;0;0;0;0;0;1;1;0;1;0;0
3470;84;-59;-69;0;0;0;0;0;0;0;0;0;0;0;0;0
2070;14;-23;-65;0;0;0;0;0;0;0;0;0;0;0;0;0
11500;35;13;-30;1;0;0;0;0;0;0;0;1;0;0;0;0
3520;107;-42;-32;0;0;0;0;0;0;0;0;0;0;0;0;0
54820;585;-41;-37;0;3;1;2;0;5600;3000;0;1;0;1;0;0
9050;436;-10;1;0;0;0;0;0;0;0;1;0;0;1;0;0
19760;328;-42;-43;0;0;0;0;0;0;0;1;1;0;1;0;0
147570;259;-30;-31;0;3;2;1;0;2000;1000;0;1;0;1;0;0
10640;62;-68;-43;0;0;0;0;0;0;0;0;0;0;0;0;0
8880;309;-48;-44;0;0;0;0;0;0;0;0;0;0;1;0;0
120690;150;-18;-43;0;0;0;0;0;0;0;0;0;0;1;0;0
12260;413;31;32;0;1;1;0;0;200;200;0;1;0;0;0;0
2410;39;-52;-24;0;0;0;0;0;0;0;0;0;0;0;0;0
33430;518;105;80;0;0;0;0;0;0;0;1;1;0;1;0;0
71540;608;80;-1;2;2;0;2;0;4000;2000;0;0;1;1;0;0
2150;13;-18;-68;0;0;0;0;0;0;0;0;0;0;0;0;0
28000;572;115;119;0;0;0;0;0;0;0;0;0;0;1;0;1
8380;234;-9;6;0;0;0;0;0;0;0;0;0;0;0;0;0
1367850;3137;-15;5;0;1;0;1;0;1000;1000;0;0;0;1;0;0
60320;632;159;35;0;1;0;1;0;3000;3000;1;0;0;1;0;0
53390;432;-7;15;0;2;1;1;0;3200;3000;0;0;0;1;0;0
24020;462;-4;-26;1;0;0;0;0;0;0;1;1;0;0;0;0
3080;123;-70;-66;1;0;0;0;0;0;0;1;1;0;0;0;0
15060;618;-17;29;0;0;0;0;0;0;0;1;1;0;1;0;0
11230;27;2;-32;0;0;0;0;0;0;0;0;1;0;0;0;0
51620;186;51;34;0;1;0;1;0;7000;7000;0;1;0;0;0;0
59410;1552;59;48;0;2;2;0;0;900;600;1;0;0;1;0;0
21000;523;-61;-44;1;1;0;1;0;8000;8000;0;1;0;1;0;0
15460;208;-50;-51;0;1;0;1;0;4000;4000;0;0;0;1;0;0
8710;126;-24;-44;0;0;0;0;0;0;0;0;0;0;0;0;0
127360;351;-54;-53;0;1;1;0;0;700;700;0;0;0;1;0;1
27450;512;16;0;0;1;1;0;0;300;300;0;0;0;1;0;0
17660;140;-60;-52;0;1;1;0;0;900;900;0;0;0;1;0;0
265250;2852;64;84;0;2;0;1;1;23000;20000;1;0;0;1;0;0
54070;696;56;26;0;0;0;0;0;0;0;1;0;0;1;0;0
78430;455;12;8;0;5;1;3;0;207900;200000;0;0;0;1;1;0
22460;732;69;89;0;1;1;0;0;400;400;1;0;0;1;0;0
19760;445;114;101;0;0;0;0;0;0;0;1;1;0;0;0;0
46160;250;-16;15;0;1;0;1;0;6000;6000;0;0;0;0;0;0
432690;1012;30;50;0;0;0;0;0;0;0;0;1;0;0;0;0
134870;2096;-17;4;0;4;2;2;0;5100;3000;1;0;0;1;0;0
2290;29;-15;-28;0;0;0;0;0;0;0;0;0;0;0;0;0
5770;45;-86;-89;0;1;0;1;0;2000;2000;0;0;0;0;0;0
64990;802;77;32;0;1;0;1;0;4000;4000;0;0;0;1;0;0
95620;996;-26;-17;0;0;0;0;0;0;0;0;1;0;1;0;0
474770;1512;-32;-14;0;0;0;0;0;0;0;0;0;0;1;0;0
26350;569;104;75;1;0;0;0;0;0;0;0;1;0;1;0;0
780;6;-70;-85;0;0;0;0;0;0;0;0;0;0;0;0;0
15040;458;50;32;0;1;1;0;0;400;400;0;0;0;0;0;0
34900;798;-12;30;2;0;0;0;0;0;0;0;0;1;1;0;0
27810;499;-17;-9;0;0;0;0;0;0;0;1;0;0;1;0;0
16320;297;-45;-41;0;0;0;0;0;0;0;0;0;0;1;0;0
453850;1973;-23;-9;0;1;0;1;0;8000;8000;1;0;0;1;0;0
71080;767;88;94;0;5;3;2;0;4600;2000;0;0;0;1;0;1
590510;1780;23;-6;0;1;1;0;0;800;800;0;0;0;1;0;0
27490;55;39;11;0;0;0;0;0;0;0;0;1;0;0;0;0
12280;290;14;20;0;0;0;0;0;0;0;0;1;0;0;0;0
9060;165;-67;-66;0;0;0;0;0;0;0;0;1;0;1;0;0
21480;537;-32;2;0;0;0;0;0;0;0;0;0;0;1;0;0
46300;197;-69;-63;0;1;0;1;0;5000;5000;0;0;0;0;0;0
300520;894;37;37;0;0;0;0;0;0;0;0;0;0;1;0;0
9700;216;-22;-14;0;0;0;0;0;0;0;0;0;0;0;0;0
13260;563;-8;36;0;0;0;0;0;0;0;1;0;0;1;0;0
29560;1067;2;35;0;0;0;0;0;0;0;1;0;0;1;0;0
22900;481;-32;-8;0;0;0;0;0;0;0;0;1;0;1;0;0
15380;251;-34;-34;0;0;0;0;0;0;0;0;0;0;1;0;0
28460;117;-45;-45;0;0;0;0;0;0;0;0;0;0;0;0;0
8960;28;-71;-51;0;0;0;0;0;0;0;0;0;0;0;0;0
45940;702;67;45;0;0;0;0;0;0;0;0;0;0;1;0;0
43780;529;168;84;0;1;0;1;0;1000;1000;1;1;0;1;0;0
15190;208;-38;-48;0;1;1;0;0;700;700;1;0;0;1;0;0
32210;510;147;95;0;1;1;0;0;600;600;0;0;0;1;0;0
26280;404;-13;-18;0;0;0;0;0;0;0;0;0;0;1;0;0
19640;302;-16;-36;0;0;0;0;0;0;0;1;0;0;1;0;0
54150;307;-46;-35;0;3;3;0;0;800;300;0;0;0;1;0;1
47500;668;12;46;0;8;4;2;2;97100;50000;1;1;0;1;0;0
40770;522;36;2;0;1;0;1;0;8000;8000;0;0;0;1;0;0
12600;266;-60;-47;0;0;0;0;0;0;0;0;1;0;1;0;0
12870;364;-57;-26;0;0;0;0;0;0;0;1;0;0;1;0;0
23920;359;-45;-57;0;1;0;1;0;5000;5000;0;0;0;1;0;0
36520;209;-55;-81;0;3;2;1;0;9800;9000;0;0;0;1;0;0
19370;715;44;85;0;0;0;0;0;0;0;1;0;0;1;0;0
11130;126;-47;-40;0;3;1;2;0;4900;3000;0;1;0;0;0;0
7400;169;-28;-54;1;0;0;0;0;0;0;1;1;0;0;0;0
37810;238;26;23;0;6;5;1;0;5400;2000;0;1;0;1;0;0
27150;441;-11;-31;0;0;0;0;0;0;0;0;1;0;1;0;0
10040;216;7;-33;0;0;0;0;0;0;0;0;0;0;0;0;0
95020;859;-20;-25;0;1;1;0;0;600;600;0;0;0;1;0;0
41410;630;38;29;0;0;0;0;0;0;0;0;0;0;1;0;0
16440;644;59;83;0;0;0;0;0;0;0;1;1;0;0;0;0
19390;469;-39;10;0;0;0;0;0;0;0;0;0;0;1;0;0
35450;567;6;8;0;2;2;0;0;600;500;0;1;0;1;0;1
14670;44;23;10;0;0;0;0;0;0;0;0;1;0;0;0;0
75050;675;134;5;0;3;0;3;0;13000;8000;0;0;0;1;0;0
1766860;2899;32;18;0;0;0;0;0;0;0;0;0;0;1;0;1
27320;453;17;-4;0;0;0;0;0;0;0;1;0;0;1;0;1
6660;153;-35;-58;1;0;0;0;0;0;0;1;1;0;0;0;0
80040;751;-37;-19;0;2;1;1;0;1600;1000;1;1;0;1;0;0
65350;1081;18;33;0;0;0;0;0;0;0;1;0;0;1;0;0
541040;1295;-26;-19;1;4;3;1;0;4200;3000;0;1;0;1;0;0
22720;181;-9;-64;0;0;0;0;0;0;0;1;1;0;1;0;0
45080;468;3;-6;0;3;2;1;0;2000;1000;0;0;0;1;0;0
26960;514;85;41;1;0;0;0;0;0;0;0;1;0;1;0;0
15760;570;-40;23;1;1;1;0;0;300;300;1;1;0;1;0;0
54770;1913;445;450;2;0;0;0;0;0;0;0;1;0;0;0;0
44960;643;19;56;0;4;1;3;0;14400;9000;0;0;0;1;0;0
36400;303;-53;-21;0;2;1;1;0;1400;1000;1;0;0;1;0;0
40250;451;91;91;0;4;3;1;0;2900;2000;1;0;0;1;0;0
6160;258;-46;6;0;0;0;0;0;0;0;0;0;0;0;0;0
23290;592;-58;-37;1;1;1;0;0;500;500;0;1;0;1;0;0
4630;89;-56;-42;0;1;0;0;0;50;50;0;0;0;0;0;1
25710;365;-25;-33;0;1;0;0;1;10000;10000;0;1;0;1;0;0
24370;428;-16;-3;0;1;0;1;0;2000;2000;1;1;0;1;0;0
48330;1389;42;45;1;0;0;0;0;0;0;1;1;0;1;0;0
17860;321;-44;-50;0;1;1;0;0;400;400;0;0;0;1;0;0
83490;898;-49;-37;1;2;1;0;0;100300;100000;1;1;0;1;1;1
17580;406;-38;-16;0;0;0;0;0;0;0;1;1;0;1;0;0
32430;527;1;-18;0;0;0;0;0;0;0;0;0;0;1;0;0
11660;209;-47;-43;0;1;1;0;0;400;400;0;0;0;1;0;0
28290;527;100;79;0;0;0;0;0;0;0;1;0;0;1;0;0
33310;541;40;18;0;0;0;0;0;0;0;0;0;0;1;0;0
33400;749;81;52;0;0;0;0;0;0;0;1;1;0;1;0;0
29520;779;-28;-32;0;0;0;0;0;0;0;1;1;0;1;0;0
314100;904;-41;-37;0;0;0;0;0;0;0;0;0;0;1;0;0
32030;350;12;-22;0;0;0;0;0;0;0;1;0;0;1;0;0
1355970;2326;-7;-12;0;0;0;0;0;0;0;1;1;0;1;0;0
22260;493;-13;11;0;1;1;0;0;900;900;0;1;0;1;0;0
7870;141;-71;-67;0;1;1;0;0;700;700;0;0;0;1;0;0
3040;63;-43;26;0;0;0;0;0;0;0;0;0;0;0;0;0
25400;398;-29;-8;0;2;0;2;0;6000;4000;1;0;0;1;0;0
91420;774;-61;-49;0;4;1;3;0;12700;9000;1;0;0;1;0;1
102720;265;-64;-66;0;2;1;1;0;2700;2000;0;0;0;1;0;0
329680;1268;-24;-26;0;1;0;0;1;70000;70000;1;0;0;1;0;0
18920;330;-46;-40;0;1;1;0;0;200;200;1;0;0;1;0;0
21750;635;-38;-40;0;0;0;0;0;0;0;0;1;0;1;0;0
48020;688;61;33;0;0;0;0;0;0;0;1;1;0;1;0;0
33930;486;-2;-14;0;1;0;1;0;4000;4000;0;0;0;1;0;0
379670;1456;-21;-45;0;2;0;0;2;40000;20000;1;0;0;1;0;0
8380;47;-78;-85;0;1;0;1;0;6000;6000;0;0;0;1;0;0
233810;839;-31;-24;0;0;0;0;0;0;0;0;0;0;1;0;0
664090;1824;-12;5;0;2;2;0;0;1100;600;0;1;0;1;0;0
40130;1324;120;162;1;2;2;0;0;1100;600;1;1;0;1;0;0
24740;530;223;123;2;1;0;1;0;7000;7000;0;0;1;0;0;0
23210;264;12;-27;0;1;1;0;0;900;900;0;0;0;1;0;0
12490;122;-59;-39;0;1;1;0;0;700;700;0;0;0;0;0;1
6130;111;-28;-59;0;0;0;0;0;0;0;0;0;0;0;0;0
33580;268;-39;-13;0;1;0;1;0;4000;4000;0;0;0;1;0;0
35540;487;31;3;0;0;0;0;0;0;0;1;0;0;1;0;0
23860;389;-24;-13;0;1;0;0;1;40000;40000;1;0;0;1;0;0
28380;628;14;26;0;1;0;0;1;20000;20000;0;0;0;1;0;0
1190;9;-45;-78;0;0;0;0;0;0;0;0;0;0;0;0;0
56940;769;72;48;0;1;0;0;1;40000;40000;1;0;0;1;0;0
37600;833;329;334;1;0;0;0;0;0;0;1;1;0;0;0;0
42220;382;29;-9;0;1;0;1;0;8000;8000;0;0;0;1;0;0
7090;220;-38;-10;0;0;0;0;0;0;0;0;0;0;0;0;0
25390;861;176;182;1;0;0;0;0;0;0;1;1;0;0;0;0
14170;381;52;18;0;0;0;0;0;0;0;0;0;0;0;0;0
66030;812;112;52;0;0;0;0;0;0;0;0;1;0;1;0;1
71840;255;54;28;0;1;0;1;0;6000;6000;0;0;0;0;0;0
19500;80;-51;-51;0;1;0;1;0;4000;4000;0;0;0;0;0;0
29690;636;-10;18;0;1;1;0;0;800;800;0;0;0;1;0;0
48560;726;105;58;0;0;0;0;0;0;0;0;0;0;1;0;1
30730;890;5;14;1;0;0;0;0;0;0;1;1;0;1;0;0
557510;1946;5;8;0;3;2;1;0;5800;5000;1;0;0;1;0;1
3540;53;-71;-77;0;0;0;0;0;0;0;0;0;0;0;0;0
3280;40;-41;-23;0;1;1;0;0;200;200;0;0;0;0;0;0
64830;916;121;88;0;1;0;1;0;6000;6000;1;1;0;1;0;0
477750;1132;86;60;0;3;3;0;0;1500;600;0;0;0;1;0;0
13330;443;29;26;0;0;0;0;0;0;0;1;1;0;0;0;0
60200;449;32;24;0;5;3;2;0;9200;5000;0;0;0;1;0;0
90960;2039;308;243;1;2;0;1;1;32000;30000;1;1;0;1;0;0
18870;47;-19;-3;0;2;1;1;0;4800;4000;0;0;0;0;0;0
14010;340;-53;-32;0;1;1;0;0;600;600;0;0;0;1;0;0
1860;33;-78;-30;0;1;0;1;0;4000;4000;0;1;0;0;0;1
17050;367;19;-12;0;0;0;0;0;0;0;1;0;0;1;0;0
26290;104;-6;-67;0;5;2;2;1;25300;20000;1;1;0;1;0;0
1200;15;-79;-74;0;0;0;0;0;0;0;0;1;0;0;0;0
3410;16;-66;-60;0;0;0;0;0;0;0;0;0;0;0;0;0
8620;172;-17;-55;1;0;0;0;0;0;0;1;1;0;0;0;0
29800;627;12;-4;0;0;0;0;0;0;0;0;1;0;1;0;0
57440;879;4;12;0;0;0;0;0;0;0;1;1;0;1;0;0
48710;547;41;-3;0;0;0;0;0;0;0;0;0;0;1;0;0
30980;480;11;0;0;0;0;0;0;0;0;0;1;0;1;0;0
18440;398;122;137;0;1;1;0;0;200;200;1;0;0;0;0;0
2540;19;12;-52;0;0;0;0;0;0;0;0;0;0;0;0;0
48530;485;90;87;0;2;1;1;0;1300;1000;0;0;0;1;0;0
790830;1434;5;-4;0;2;0;1;1;13000;10000;0;0;0;1;0;0
29730;539;-1;10;0;1;1;0;0;200;200;0;0;0;1;0;0
42280;375;-17;-6;0;5;3;2;0;12100;7000;0;0;0;1;0;0
52990;483;54;39;0;5;3;0;2;71300;50000;1;0;0;1;0;0
9070;195;-11;4;0;0;0;0;0;0;0;0;0;0;0;0;1
16320;454;23;17;0;0;0;0;0;0;0;1;0;0;1;0;0
56830;394;-20;-2;0;5;2;3;0;10500;5000;0;0;0;1;0;0
45170;579;-14;-10;0;1;0;1;0;2000;2000;0;1;0;1;0;0
16010;446;75;43;0;0;0;0;0;0;0;0;1;0;0;0;0
37950;527;41;22;0;1;0;1;0;8000;8000;1;1;0;1;0;0
40850;340;-16;18;0;2;2;0;0;400;200;0;0;0;1;0;0
24140;285;-27;-35;0;0;0;0;0;0;0;1;0;0;1;0;0
12250;342;-64;-41;0;0;0;0;0;0;0;0;0;0;1;0;0
63950;297;11;-6;0;0;0;0;0;0;0;0;0;0;1;0;0
10670;223;47;38;0;0;0;0;0;0;0;0;0;0;0;0;0
14890;540;-64;-53;0;0;0;0;0;0;0;1;1;0;1;0;0
6790;194;-30;-15;0;0;0;0;0;0;0;0;1;0;0;0;0
31620;208;-64;-45;0;2;1;0;1;40400;40000;1;1;0;1;0;1
6650;27;-21;-32;0;0;0;0;0;0;0;0;0;0;0;0;0
768080;2124;8;24;0;1;1;0;0;300;300;0;0;0;1;0;0
62860;596;154;31;1;3;3;0;0;1300;500;1;1;0;1;0;0
21910;695;-10;-4;0;1;1;0;0;300;300;0;1;0;1;0;0
26830;584;287;205;0;0;0;0;0;0;0;1;0;0;0;0;0
13880;248;9;2;0;0;0;0;0;0;0;0;0;0;0;0;0
5130;115;-55;-49;0;0;0;0;0;0;0;0;0;0;0;0;0
2129020;3722;161;91;1;2;1;0;1;20600;20000;1;1;0;1;0;0
1350;112;-80;-36;0;0;0;0;0;0;0;0;0;0;0;0;0
20580;436;-30;4;0;0;0;0;0;0;0;0;1;0;1;0;0
51660;626;19;29;0;1;1;0;0;500;500;1;0;0;1;0;0
6880;250;-43;1;0;0;0;0;0;0;0;0;0;0;0;0;0
10920;136;58;-16;0;1;1;0;0;200;200;0;1;0;0;0;0
8440;261;-30;6;0;0;0;0;0;0;0;0;0;0;0;0;0
21190;402;105;6;1;1;0;1;0;6000;6000;1;1;0;0;0;0
8210;247;-44;-23;0;0;0;0;0;0;0;0;0;0;1;0;0
65320;128;-29;-25;0;1;1;0;0;800;800;0;0;0;1;0;0
582700;1232;-32;-28;0;1;0;1;0;7000;7000;0;1;0;1;0;0
18580;753;-7;25;0;0;0;0;0;0;0;0;0;0;1;0;0
12470;124;61;-38;0;0;0;0;0;0;0;0;0;0;0;0;0
37820;347;16;24;0;3;2;1;0;4000;3000;0;1;0;1;0;0
15760;318;89;89;0;0;0;0;0;0;0;1;0;0;0;0;0
4330;160;-65;-36;0;0;0;0;0;0;0;1;1;0;0;0;0
11040;316;191;181;0;0;0;0;0;0;0;1;1;0;0;0;0
37640;596;37;58;0;0;0;0;0;0;0;0;0;0;1;0;0
57040;754;99;52;0;1;0;1;0;3000;3000;0;1;0;1;0;0
40620;398;56;-18;0;0;0;0;0;0;0;1;1;0;1;0;1
19030;46;20;0;0;1;0;1;0;9000;9000;0;1;0;0;0;0
84880;807;233;82;0;1;1;0;0;800;800;0;1;0;1;0;0
49440;491;56;-7;0;3;1;2;0;9300;6000;0;0;0;1;0;0
32730;1209;353;506;1;0;0;0;0;0;0;0;1;0;1;0;0
52020;576;108;15;0;1;1;0;0;100;100;0;1;0;1;0;0
2680;14;34;-65;0;0;0;0;0;0;0;0;0;0;0;0;0
31800;585;-9;6;0;1;1;0;0;100;100;1;0;0;1;0;0
2196220;3848;62;51;0;3;1;2;0;8500;4000;0;0;0;1;0;0
13610;262;46;-19;0;0;0;0;0;0;0;0;0;0;0;0;0
41950;135;-39;-36;0;1;0;1;0;5000;5000;0;0;0;0;0;0
22990;395;-8;-12;0;0;0;0;0;0;0;0;1;0;1;0;0
103140;762;-42;-35;0;3;1;2;0;7500;5000;1;0;0;1;0;0
55530;438;-8;18;0;1;0;1;0;2000;2000;0;0;0;1;0;0
16430;213;-27;-47;0;1;0;1;0;6000;6000;0;0;0;1;0;0
10720;271;-5;11;0;1;1;0;0;300;300;0;0;0;0;0;0
39700;805;-17;5;0;3;1;2;0;8700;5000;1;1;0;1;0;1
9000;241;31;40;0;0;0;0;0;0;0;0;0;0;0;0;0
25510;60;-75;-60;0;0;0;0;0;0;0;0;0;0;0;0;0
26510;106;-55;-60;0;0;0;0;0;0;0;0;0;0;0;0;0
21400;391;-14;-14;1;1;1;0;0;300;300;1;1;0;1;0;0
2870;22;-40;-45;0;0;0;0;0;0;0;0;0;0;0;0;0
5520;171;-38;-8;0;0;0;0;0;0;0;1;0;0;0;0;0
38620;719;-4;13;2;1;1;0;0;500;500;0;0;1;1;0;0
8170;119;-20;-37;0;1;0;1;0;2000;2000;1;0;0;0;0;0
9280;43;-57;-90;0;1;0;1;0;2000;2000;0;0;0;0;0;0
5820;308;-37;-1;0;0;0;0;0;0;0;0;1;0;0;0;0
27960;740;110;91;0;0;0;0;0;0;0;1;0;0;1;0;0
12170;226;30;-30;0;0;0;0;0;0;0;0;0;0;0;0;0
28230;513;-11;3;0;0;0;0;0;0;0;0;1;0;1;0;0
5090;35;63;-12;0;0;0;0;0;0;0;0;0;0;0;0;0
13160;46;-71;-76;0;0;0;0;0;0;0;0;0;0;0;0;0
47010;375;57;63;0;4;2;1;0;204400;200000;1;0;0;1;1;0
18540;896;-55;-22;0;0;0;0;0;0;0;1;1;0;1;0;0
103380;2701;193;187;0;1;0;0;0;200000;200000;0;0;0;1;1;0
145440;358;-3;-28;0;0;0;0;0;0;0;0;0;0;1;0;0
932410;2464;47;28;0;7;4;2;1;36500;30000;1;0;0;1;0;1
1600;11;-66;-72;0;0;0;0;0;0;0;0;0;0;0;0;0
21860;283;39;14;0;1;0;1;0;4000;4000;0;1;0;1;0;0
22840;842;146;311;1;0;0;0;0;0;0;1;0;0;1;0;0
16590;324;61;17;0;1;1;0;0;300;300;1;0;0;1;0;0
1330;54;-88;-76;0;0;0;0;0;0;0;0;0;0;0;0;0
4240;25;19;-38;0;0;0;0;0;0;0;0;0;0;0;0;0
18690;401;-20;-15;0;1;1;0;0;700;700;1;0;0;1;0;0
39280;726;214;190;0;0;0;0;0;0;0;0;1;0;0;0;0
31560;491;16;4;0;1;0;1;0;2000;2000;1;0;0;1;0;0
315650;645;-33;-9;0;1;0;1;0;5000;5000;0;1;0;0;0;0
38070;220;-55;-48;0;2;1;1;0;7900;7000;1;0;0;1;0;0
30840;1022;235;235;1;0;0;0;0;0;0;1;1;0;0;0;0
16540;213;2;-11;0;0;0;0;0;0;0;0;1;0;1;0;0
46540;729;69;51;0;1;1;0;0;300;300;0;0;0;1;0;1
69450;1412;137;185;1;0;0;0;0;0;0;1;1;0;1;0;0
5640;193;-48;0;0;0;0;0;0;0;0;0;0;0;0;0;0
96600;383;87;70;0;0;0;0;0;0;0;0;1;0;0;0;0
28360;434;-19;-20;0;0;0;0;0;0;0;1;0;0;1;0;0
13780;289;28;20;0;0;0;0;0;0;0;0;0;0;0;0;0
11690;235;-48;-52;0;0;0;0;0;0;0;0;0;0;1;0;0
348780;723;-23;4;0;1;1;0;0;300;300;0;1;0;0;0;0
17730;568;-1;24;0;0;0;0;0;0;0;1;1;0;1;0;0
5990;53;-42;-64;0;0;0;0;0;0;0;0;0;0;0;0;0
20760;326;-32;-49;0;0;0;0;0;0;0;0;1;0;1;0;0
23560;546;26;9;0;0;0;0;0;0;0;0;1;0;1;0;0
32580;494;150;89;0;3;3;0;0;1600;700;0;0;0;1;0;0
16060;335;83;74;0;0;0;0;0;0;0;0;1;0;0;0;0
45560;591;79;33;0;0;0;0;0;0;0;0;1;0;1;0;0
24360;444;-20;-31;0;0;0;0;0;0;0;0;1;0;1;0;0
37660;658;-5;7;2;0;0;0;0;0;0;0;0;1;1;0;0
316200;1089;-37;-21;0;3;1;2;0;2700;1000;0;0;0;1;0;0
19640;556;-21;-11;1;0;0;0;0;0;0;1;1;0;0;0;0
887140;3327;128;144;1;5;3;2;0;6200;2000;1;1;0;1;0;1
209760;919;46;89;0;0;0;0;0;0;0;0;0;0;0;0;0
8560;210;-18;2;0;0;0;0;0;0;0;1;0;0;0;0;0
233800;1315;7;-7;0;3;2;0;1;20700;20000;1;0;0;1;0;0
11700;181;15;-4;0;0;0;0;0;0;0;1;0;0;0;0;0
11890;475;23;10;0;0;0;0;0;0;0;0;0;0;1;0;0
342050;1607;-2;-20;0;0;0;0;0;0;0;0;0;0;0;0;0
68830;633;96;13;0;2;0;2;0;5000;3000;0;1;0;1;0;0
9860;324;7;46;0;0;0;0;0;0;0;0;1;0;0;0;0
13000;311;-50;-36;0;0;0;0;0;0;0;0;1;0;1;0;0
5480;236;-20;37;0;0;0;0;0;0;0;0;0;0;0;0;0
620720;1789;17;23;0;0;0;0;0;0;0;0;0;0;1;0;0
107250;168;43;-8;0;0;0;0;0;0;0;0;1;0;1;0;0
20160;262;-40;-39;0;3;3;0;0;1600;800;0;1;0;1;0;0
38240;410;47;-15;0;1;1;0;0;100;100;1;1;0;1;0;0
24690;565;56;42;0;0;0;0;0;0;0;0;1;0;1;0;0
13520;528;-42;-23;0;0;0;0;0;0;0;1;0;0;1;0;0
51560;1088;52;8;0;0;0;0;0;0;0;1;1;0;1;0;0
690550;3915;28;29;0;3;1;1;1;34400;30000;1;1;0;1;0;1
54980;115;-72;-66;0;1;1;0;0;600;600;0;0;0;1;0;0
10600;268;2;-29;1;0;0;0;0;0;0;1;1;0;0;0;0
53990;718;80;45;0;1;0;1;0;4000;4000;1;0;0;1;0;0
2960;91;-19;-16;0;0;0;0;0;0;0;0;0;0;0;0;0
28610;330;12;-15;0;2;1;1;0;6900;6000;1;0;0;1;0;0
48930;769;54;46;0;0;0;0;0;0;0;0;0;0;1;0;0
63390;1039;188;179;0;1;0;1;0;7000;7000;1;1;0;1;0;0
13330;671;-64;-39;0;0;0;0;0;0;0;0;1;0;1;0;0
2520;83;-85;-75;0;0;0;0;0;0;0;0;0;0;0;0;0
43740;1056;9;66;2;0;0;0;0;0;0;0;0;1;1;0;0
12670;350;-55;-25;0;0;0;0;0;0;0;1;1;0;1;0;0
779850;2999;35;38;0;2;1;1;0;5600;5000;1;0;0;1;0;0
600400;1688;-54;-1;1;2;1;1;0;2200;2000;1;1;0;1;0;1
28240;460;-19;-15;0;0;0;0;0;0;0;1;0;0;1;0;0
42700;700;53;49;0;1;1;0;0;400;400;1;1;0;1;0;0
6700;347;-36;-7;0;0;0;0;0;0;0;0;0;0;0;0;0
6930;68;-45;-73;0;0;0;0;0;0;0;1;1;0;0;0;0
36680;513;47;3;0;0;0;0;0;0;0;0;0;0;1;0;0
20080;370;-24;-20;1;0;0;0;0;0;0;1;1;0;1;0;0
45330;485;-4;25;0;3;0;2;0;402000;400000;1;0;0;1;1;0
59060;264;65;85;1;1;0;1;0;6000;6000;0;1;0;0;0;0
24870;507;259;165;1;0;0;0;0;0;0;1;0;0;0;0;0
11550;204;8;-16;0;1;1;0;0;600;600;0;1;0;0;0;0
5890;166;-60;-56;0;0;0;0;0;0;0;1;0;0;1;0;0
20840;52;-14;-3;0;0;0;0;0;0;0;0;1;0;0;0;0
5020;32;77;-20;0;0;0;0;0;0;0;0;0;0;0;0;0
19990;669;-64;-18;0;0;0;0;0;0;0;1;0;0;1;0;0
73180;488;11;20;0;5;3;2;0;9600;6000;0;1;0;1;0;0
9350;44;-20;10;0;0;0;0;0;0;0;0;1;0;0;0;0
29400;331;-32;-6;0;2;0;1;1;22000;20000;1;1;0;1;0;0
60910;882;55;62;0;2;0;1;0;303000;300000;0;1;0;1;1;0
101040;213;11;11;0;2;1;1;0;1700;1000;0;0;0;1;0;0
715540;1471;-13;-4;0;2;2;0;0;900;600;0;1;0;1;0;1
20750;329;88;42;0;1;1;0;0;700;700;0;0;0;1;0;0
51230;222;-68;-57;0;1;0;1;0;3000;3000;0;0;0;0;0;0
11080;343;33;104;0;0;0;0;0;0;0;1;0;0;0;0;0
834760;2307;37;18;0;4;0;2;2;54000;30000;1;1;0;1;0;0
1496830;1645;21;15;0;3;2;1;0;5700;5000;0;1;0;1;0;0
40070;501;16;-11;0;0;0;0;0;0;0;0;0;0;1;0;1
87700;935;-53;-49;0;2;1;1;0;1600;1000;0;0;0;1;0;0
39120;651;13;18;0;2;2;0;0;1000;900;1;0;0;1;0;0
232470;361;28;11;0;3;2;1;0;4000;3000;0;1;0;1;0;0
14710;321;-58;-42;0;1;0;1;0;2000;2000;1;0;0;1;0;0
59210;440;-82;-76;0;1;0;1;0;2000;2000;1;0;0;0;0;0
25180;592;39;24;0;0;0;0;0;0;0;1;1;0;1;0;0
21900;60;-5;25;0;0;0;0;0;0;0;0;0;0;0;0;0
14000;160;81;-20;0;0;0;0;0;0;0;0;0;0;0;0;0
12220;465;-78;-41;0;0;0;0;0;0;0;1;1;0;1;0;0
125340;292;35;62;0;0;0;0;0;0;0;0;0;0;1;0;0
10110;531;-2;51;0;0;0;0;0;0;0;1;1;0;0;0;0
93020;2422;158;140;0;1;1;0;0;600;600;0;0;0;1;0;0
2350;19;-4;-52;0;0;0;0;0;0;0;0;0;0;0;0;0
14570;326;-8;-18;0;0;0;0;0;0;0;0;1;0;1;0;0
24750;62;-1;28;0;1;0;1;0;2000;2000;0;1;0;0;0;0
27480;441;-21;-18;0;1;0;1;0;4000;4000;1;0;0;1;0;0
6370;34;-68;-39;0;0;0;0;0;0;0;0;0;0;0;0;0
43350;611;37;40;0;0;0;0;0;0;0;1;0;0;1;0;0
7570;69;69;67;0;1;0;1;0;5000;5000;0;0;0;0;0;1
186280;1921;39;51;0;3;1;1;1;72500;70000;1;0;0;1;0;0
31780;538;27;-14;1;0;0;0;0;0;0;1;1;0;0;0;0
4650;104;-62;-57;0;0;0;0;0;0;0;0;1;0;0;0;0
40150;525;33;40;0;0;0;0;0;0;0;1;0;0;1;0;0
6220;111;52;40;1;0;0;0;0;0;0;0;1;0;0;0;0
20550;381;-37;-26;0;0;0;0;0;0;0;1;0;0;1;0;1
696470;1368;-16;-12;0;2;1;1;0;2400;2000;1;0;1;1;0;0
26300;520;-9;6;0;1;0;1;0;7000;7000;1;0;0;1;0;0
135210;3261;1245;838;1;2;0;1;0;208000;200000;0;1;0;0;1;0
2580;94;-79;-62;0;0;0;0;0;0;0;1;1;0;0;0;0
24620;362;63;18;0;0;0;0;0;0;0;1;0;0;1;0;0
88360;443;1;15;0;4;2;2;0;6300;4000;1;1;0;1;0;0
7030;202;-78;-53;0;0;0;0;0;0;0;0;0;0;1;0;0
11350;94;-87;-84;0;0;0;0;0;0;0;0;0;1;0;0;0
11020;589;10;69;0;0;0;0;0;0;0;0;0;0;0;0;0
71660;532;-78;-74;0;2;1;1;0;2800;2000;1;0;0;1;0;0
99010;1360;82;62;0;3;1;2;0;4200;2000;1;0;0;1;0;1
32490;595;-7;7;0;0;0;0;0;0;0;1;0;0;1;0;0
17720;266;-32;-45;0;0;0;0;0;0;0;1;1;0;1;0;0
25650;157;2;-42;0;4;1;3;0;16900;8000;0;0;0;1;0;0
820600;3506;92;97;0;2;1;1;0;8700;8000;0;1;0;1;0;1
22140;190;-2;-53;0;1;0;1;0;2000;2000;0;0;0;1;0;0
45520;1214;177;164;1;0;0;0;0;0;0;1;1;0;1;0;0
41300;336;64;-17;0;1;0;1;0;4000;4000;1;1;0;1;0;0
108280;2157;190;106;0;2;1;1;0;9500;9000;1;0;0;1;0;0
22820;833;25;65;1;0;0;0;0;0;0;1;1;0;1;0;0
13960;36;-85;-74;0;0;0;0;0;0;0;0;0;0;0;0;0
11210;323;-10;29;0;0;0;0;0;0;0;1;0;0;0;0;0
32500;474;-5;10;0;1;1;0;0;700;700;1;0;0;1;0;0
58410;113;84;88;0;0;0;0;0;0;0;0;1;0;0;0;0
3860;77;-38;12;0;0;0;0;0;0;0;0;0;0;0;0;0
12430;187;-32;-41;0;0;0;0;0;0;0;0;1;0;1;0;0
20720;284;13;-11;0;0;0;0;0;0;0;0;1;0;1;0;0
74380;895;153;80;0;0;0;0;0;0;0;1;1;0;1;0;0
2410;109;-76;-69;0;0;0;0;0;0;0;0;1;0;0;0;0
44190;696;201;129;0;1;0;1;0;2000;2000;0;0;0;1;0;0
35570;505;25;9;0;0;0;0;0;0;0;0;0;0;1;0;0
76150;260;-52;-50;0;1;0;1;0;4000;4000;0;0;0;0;0;0
157450;418;-33;-31;0;0;0;0;0;0;0;0;0;0;0;0;0
25760;410;-11;-7;0;1;1;0;0;200;200;1;1;0;1;0;0
59300;690;53;70;0;6;1;5;0;25700;8000;1;1;0;1;0;0
12760;26;-9;-35;0;0;0;0;0;0;0;0;0;0;0;0;0
1260100;2519;-12;-5;0;1;1;0;0;600;600;0;0;0;1;0;0
5630;98;64;86;0;0;0;0;0;0;0;0;1;0;0;0;0
32960;982;93;128;0;0;0;0;0;0;0;0;1;0;1;0;0
64540;215;0;9;0;1;0;1;0;6000;6000;0;0;0;0;0;0
18370;486;18;72;0;0;0;0;0;0;0;0;0;0;1;0;0
27870;238;-6;-5;0;0;0;0;0;0;0;0;0;0;1;0;0
21670;132;-31;-34;0;3;2;1;0;3400;2000;0;0;0;1;0;0
15610;246;25;-2;0;0;0;0;0;0;0;1;0;0;0;0;0
69240;857;142;73;0;0;0;0;0;0;0;0;1;0;1;0;0
22200;685;153;130;0;1;0;1;0;3000;3000;0;0;0;0;0;0
48600;562;64;12;0;0;0;0;0;0;0;0;0;0;1;0;0
23650;212;34;-33;0;2;2;0;0;1100;700;0;0;0;1;0;0
30000;631;-9;17;0;2;1;1;0;8300;8000;0;0;0;1;0;0
82460;154;-17;-16;0;0;0;0;0;0;0;0;0;0;1;0;0
8900;38;-83;-77;0;0;0;0;0;0;0;0;1;0;0;0;0
8180;136;-64;-66;0;0;0;0;0;0;0;0;0;0;1;0;0
65100;172;-82;-75;0;1;0;1;0;3000;3000;0;0;0;0;0;0
1980;18;-43;-55;0;0;0;0;0;0;0;0;0;0;0;0;0
24650;391;-30;-30;0;0;0;0;0;0;0;0;1;0;1;0;0
8100;300;-12;35;0;0;0;0;0;0;0;0;0;0;0;0;0
290;3;-67;-92;0;1;0;1;0;3000;3000;0;0;0;0;0;0
256850;1650;-11;-31;0;4;4;0;0;1800;700;1;0;0;1;0;0
31630;577;-37;-21;0;0;0;0;0;0;0;1;1;0;1;0;0
15640;517;67;72;0;0;0;0;0;0;0;0;1;0;0;0;0
149050;697;-54;-35;0;1;0;1;0;6000;6000;0;0;0;1;0;0
16940;288;47;18;0;0;0;0;0;0;0;1;0;0;1;0;0
32670;476;103;95;0;1;1;0;0;800;800;0;1;0;1;0;0
12290;471;30;49;0;1;1;0;0;500;500;0;1;0;0;0;0
23580;462;34;46;0;1;0;1;0;6000;6000;0;0;0;1;0;0
25160;411;-20;-8;0;0;0;0;0;0;0;1;0;0;1;0;1
3250;68;-67;-54;0;1;0;0;1;30000;30000;1;0;0;0;0;1
46580;260;-56;-48;0;1;0;1;0;2000;2000;0;1;0;1;0;0
7560;513;-25;47;0;1;1;0;0;300;300;0;0;0;0;0;0
19680;411;-38;-3;0;2;0;2;0;10000;8000;0;0;0;1;0;0
69880;855;144;72;0;2;2;0;0;1200;800;0;1;0;1;0;0
4150;262;-64;-49;0;0;0;0;0;0;0;0;0;0;1;0;0
588930;1807;-50;-2;0;1;0;1;0;4000;4000;1;1;0;1;0;1
31900;643;-28;-24;0;2;2;0;0;1100;700;0;0;0;1;0;0
94740;732;-79;-73;0;3;2;0;1;21000;20000;1;0;0;1;0;0
30130;403;-15;-27;0;0;0;0;0;0;0;1;0;0;1;0;0
632800;2959;39;41;0;2;0;1;1;25000;20000;1;0;0;1;0;0
7100;227;-37;-19;0;0;0;0;0;0;0;0;0;0;1;0;0
24970;325;-35;-26;0;2;0;2;0;4000;3000;0;0;0;1;0;0
20890;386;-25;-18;0;0;0;0;0;0;0;1;1;0;1;0;0
21900;276;128;71;0;1;1;0;0;600;600;1;1;0;1;0;0
4490;177;-60;-49;0;0;0;0;0;0;0;0;0;0;0;0;0
48100;582;10;17;0;4;2;2;0;12100;7000;0;0;0;1;0;0
42930;341;54;-11;0;5;2;3;0;6200;3000;0;1;0;1;0;0
1820;55;-34;38;0;0;0;0;0;0;0;0;0;0;0;0;0
9410;383;-37;2;1;0;0;0;0;0;0;0;1;0;1;0;0
16130;322;2;2;0;0;0;0;0;0;0;0;0;0;1;0;0
6460;27;-37;-32;0;0;0;0;0;0;0;0;0;0;0;0;0
3560;83;-79;-67;0;0;0;0;0;0;0;0;1;0;1;0;0
29900;665;-50;-31;0;1;1;0;0;900;900;1;0;0;1;0;1
6340;102;-62;-60;0;0;0;0;0;0;0;0;1;0;1;0;0
31160;1133;-7;23;1;1;0;1;0;5000;5000;1;1;0;1;0;0
43650;334;38;90;0;0;0;0;0;0;0;0;0;0;0;0;0
34150;346;17;38;0;2;1;1;0;6300;6000;0;0;0;1;0;0
1150;22;-88;-73;0;1;1;0;0;100;100;0;0;0;0;0;0
65960;496;164;-1;0;2;1;1;0;2200;2000;1;1;0;1;0;0
9430;123;22;-38;0;1;1;0;0;400;400;0;1;0;0;0;0
20610;670;-41;-36;0;0;0;0;0;0;0;0;1;0;1;0;0
366500;1484;-46;-61;0;1;0;0;1;30000;30000;1;0;0;1;0;0
4390;16;95;-60;0;0;0;0;0;0;0;0;0;0;0;0;0
10130;133;-67;-32;0;1;0;1;0;2000;2000;0;1;0;1;0;0
45530;736;37;37;0;0;0;0;0;0;0;0;1;0;1;0;0
20350;439;39;44;0;0;0;0;0;0;0;0;0;0;1;0;0
26130;260;-15;-21;0;6;3;3;0;7700;3000;0;0;0;1;0;0
27740;423;-13;-34;0;0;0;0;0;0;0;0;0;0;1;0;0
40800;222;-56;-51;0;3;1;2;0;5800;3000;1;0;0;1;0;0
39900;573;45;19;0;1;0;0;1;40000;40000;0;0;0;1;0;0
10050;342;-41;-39;0;0;0;0;0;0;0;0;0;0;1;0;0
5680;210;-66;-20;0;0;0;0;0;0;0;0;1;0;1;0;0
8260;343;-39;2;1;0;0;0;0;0;0;0;1;0;1;0;0
21510;290;72;16;0;1;0;1;0;3000;3000;0;1;0;0;0;0
71650;1173;-53;-40;0;1;0;1;0;7000;7000;1;0;0;1;0;0
40750;725;3;18;2;0;0;0;0;0;0;0;0;1;1;0;0
682910;1486;-2;-18;0;2;0;2;0;6000;4000;0;0;0;1;0;0
23170;354;-28;-19;0;1;1;0;0;600;600;1;0;0;1;0;0
47250;961;517;305;2;1;1;0;0;200;200;0;0;1;0;0;0
42300;55;37;-10;0;1;0;1;0;4000;4000;0;0;0;0;0;0
3100;184;-72;-47;0;0;0;0;0;0;0;0;0;0;0;0;0
1514120;1518;28;12;0;3;2;1;0;1900;1000;0;1;0;1;0;1
42840;248;24;5;0;3;0;3;0;4000;2000;0;1;0;1;0;0
1531530;1680;52;18;0;2;0;2;0;5000;3000;0;0;0;1;0;0
7170;278;-23;-7;0;0;0;0;0;0;0;1;0;0;0;0;0
24570;434;-52;-53;0;2;1;1;0;3600;3000;0;1;0;1;0;0
950;4;-40;-90;0;0;0;0;0;0;0;0;0;0;0;0;0
7120;227;-23;2;0;0;0;0;0;0;0;0;0;0;0;0;0
17880;237;-40;-47;0;1;0;1;0;3000;3000;1;0;0;1;0;0
8670;151;-25;-58;0;0;0;0;0;0;0;0;1;0;0;0;0
7540;133;-40;-47;0;0;0;0;0;0;0;1;1;0;0;0;0
20160;243;-47;-36;0;2;1;1;0;2700;2000;0;1;0;1;0;1
6040;41;-13;-33;0;2;1;1;0;3300;3000;0;0;0;0;0;0
23750;442;32;44;1;1;1;0;0;600;600;1;1;0;1;0;0
16000;313;-38;-36;0;0;0;0;0;0;0;0;1;0;1;0;0
206610;1421;-7;1;0;2;1;1;0;4200;4000;1;0;0;1;0;1
67210;420;-31;-32;0;1;0;1;0;4000;4000;0;1;0;0;0;0
41740;966;164;143;0;0;0;0;0;0;0;0;1;0;1;0;0
58100;1267;161;113;0;1;1;0;0;300;300;1;1;0;1;0;0
118120;1716;-33;-14;0;1;0;0;1;20000;20000;1;0;0;1;0;0
393140;1685;-2;2;0;3;2;1;0;5200;4000;1;1;0;1;0;0
185910;2451;8;24;0;8;4;4;0;11300;4000;1;0;0;1;0;0
5030;125;-28;-29;0;0;0;0;0;0;0;0;0;0;0;0;0
3110;164;-73;-54;0;0;0;0;0;0;0;0;1;0;0;0;0
46640;1439;88;116;0;0;0;0;0;0;0;1;1;0;1;0;1
11660;330;26;49;0;0;0;0;0;0;0;1;1;0;0;0;0
48440;76;86;11;0;0;0;0;0;0;0;0;1;0;0;0;0
16750;398;19;35;0;0;0;0;0;0;0;1;0;0;1;0;0
383490;1401;-42;-30;0;1;0;0;1;30000;30000;1;0;0;1;0;0
4170;224;-78;-64;0;0;0;0;0;0;0;0;1;0;1;0;0
21770;292;35;28;0;0;0;0;0;0;0;1;1;0;1;0;0
11550;152;-49;-60;0;1;1;0;0;100;100;1;0;0;1;0;0
20660;335;-42;-39;0;1;1;0;0;200;200;1;0;0;1;0;0
6320;32;11;-38;0;1;0;1;0;4000;4000;0;0;0;0;0;0
47200;562;91;24;1;0;0;0;0;0;0;1;1;0;1;0;0
34490;594;20;21;0;0;0;0;0;0;0;1;0;0;1;0;0
74940;360;31;15;0;2;2;0;0;500;400;1;0;0;1;0;0
39970;831;196;147;1;0;0;0;0;0;0;0;1;0;1;0;0
51950;144;-44;-17;0;2;0;2;0;3000;2000;0;0;0;1;0;0
92450;777;15;24;0;4;1;2;1;27600;10000;1;0;0;1;0;0
30130;82;65;57;0;3;3;0;0;500;200;0;0;0;0;0;0
58160;897;-4;3;0;3;2;1;0;1900;1000;1;0;0;1;0;0
23160;393;-34;-28;0;0;0;0;0;0;0;0;0;0;1;0;0
45910;656;69;39;0;0;0;0;0;0;0;1;0;0;1;0;0
7240;295;-29;-14;0;0;0;0;0;0;0;0;0;0;0;0;0
5550;168;-52;-53;0;0;0;0;0;0;0;0;1;0;0;0;0
6450;163;-30;-48;0;0;0;0;0;0;0;0;1;0;0;0;0
51320;239;11;23;0;1;0;1;0;6000;6000;0;0;0;0;0;0
39660;325;42;54;0;5;2;2;1;34000;30000;1;0;0;1;0;0
9340;153;-10;-60;0;0;0;0;0;0;0;1;0;0;0;0;0
24490;1079;10;82;0;0;0;0;0;0;0;1;1;0;1;0;0
36530;700;27;42;0;0;0;0;0;0;0;1;0;0;1;0;0
13390;203;-14;-43;0;0;0;0;0;0;0;1;0;0;1;0;0
20620;808;105;132;0;0;0;0;0;0;0;1;1;0;0;0;0
23000;157;-28;-17;0;1;0;1;0;2000;2000;0;1;0;0;0;0
716630;1677;-8;14;0;2;2;0;0;700;500;0;0;0;1;0;0
76200;766;166;71;0;0;0;0;0;0;0;1;0;0;1;0;0
83180;744;-32;-19;0;3;1;2;0;14600;9000;0;0;1;1;0;1
26990;769;-20;-24;0;0;0;0;0;0;0;1;1;0;1;0;0
72780;269;-48;-52;0;1;0;1;0;3000;3000;0;0;0;0;0;0
34740;563;18;13;0;0;0;0;0;0;0;1;0;0;1;0;0
162810;1768;455;256;2;2;2;0;0;700;500;1;1;0;1;0;0
69070;505;-4;35;0;5;3;2;0;5700;2000;0;0;0;1;0;0
44980;597;45;19;0;0;0;0;0;0;0;1;0;0;1;0;0
3420;74;-73;-70;0;0;0;0;0;0;0;0;0;0;0;0;0
3720;43;75;8;0;0;0;0;0;0;0;0;0;0;0;0;0
218630;645;-11;14;0;1;0;1;0;3000;3000;0;0;0;0;0;0
27890;276;-72;-72;0;6;3;3;0;9800;6000;0;1;0;1;0;0
5250;66;-49;36;0;0;0;0;0;0;0;0;1;0;0;0;0
49070;587;28;-20;0;2;1;1;0;2400;2000;0;1;0;1;0;0
37360;171;-21;0;0;1;0;1;0;4000;4000;0;0;0;0;0;0
8290;229;-15;0;0;0;0;0;0;0;0;0;1;0;0;0;0
65240;1008;73;39;0;4;3;1;0;2500;1000;0;1;0;1;0;0
29150;259;0;18;0;1;1;0;0;600;600;0;0;0;1;0;1
45630;155;49;52;0;0;0;0;0;0;0;0;0;0;0;0;0
26780;1003;99;160;0;1;0;0;1;60000;60000;1;0;0;1;0;0
77540;174;-75;-73;0;0;0;0;0;0;0;0;0;0;0;0;0
388530;1539;-11;-11;0;2;1;1;0;3200;3000;1;0;0;1;0;1
48980;1007;54;21;0;0;0;0;0;0;0;1;0;0;1;0;0
811060;2877;45;28;0;2;2;0;0;900;700;0;0;0;1;0;0
229690;485;45;0;0;4;3;1;0;2500;1000;0;1;0;1;0;0
35440;930;304;384;1;0;0;0;0;0;0;1;0;0;0;0;0
212260;729;-50;-28;0;2;1;1;0;1400;1000;0;0;0;1;0;0
9730;488;-71;-47;1;0;0;0;0;0;0;1;1;0;1;0;0
1070;17;-73;-65;0;0;0;0;0;0;0;0;0;0;0;0;0
65250;450;-74;-70;0;0;0;0;0;0;0;0;0;0;0;0;1
675030;1992;12;-14;0;4;1;3;0;5300;2000;0;0;0;1;0;0
9910;431;-4;22;0;0;0;0;0;0;0;1;1;0;0;0;0
32130;427;18;13;0;0;0;0;0;0;0;0;0;0;1;0;0
57440;538;27;-23;1;0;0;0;0;0;0;1;0;1;1;0;0
136810;746;-41;-47;0;1;0;0;1;40000;40000;1;0;0;0;0;0
65150;952;25;60;0;4;3;1;0;4100;2000;1;1;0;1;0;0
200350;1668;43;24;0;0;0;0;0;0;0;0;1;0;1;0;0
347400;1684;-28;-22;0;2;0;1;1;31000;30000;1;0;0;1;0;0
27440;635;-5;-28;0;1;1;0;0;400;400;1;0;0;1;0;0
22830;608;53;61;1;0;0;0;0;0;0;0;1;0;1;0;0
134070;1283;357;159;1;0;0;0;0;0;0;1;1;0;1;0;0
253510;2069;98;76;0;4;2;2;0;7100;4000;0;1;0;1;0;0
227990;734;-52;-59;0;2;1;1;0;4300;4000;0;0;0;1;0;0
12180;351;-24;44;0;0;0;0;0;0;0;0;1;0;1;0;0
8750;47;-80;-75;0;0;0;0;0;0;0;0;0;0;0;0;0
8320;213;9;-10;0;0;0;0;0;0;0;0;0;0;0;0;0
40480;639;51;-2;0;0;0;0;0;0;0;0;1;0;1;0;0
8470;203;-17;8;0;0;0;0;0;0;0;1;0;0;0;0;0
160350;828;-31;23;0;0;0;0;0;0;0;0;0;0;0;0;0
13830;145;-58;-51;0;3;2;1;0;3900;3000;0;0;0;1;0;0
19120;194;-40;-39;0;3;1;2;0;9300;6000;1;0;0;1;0;0
23040;392;-10;-22;0;0;0;0;0;0;0;0;1;0;1;0;0
151920;1132;255;71;1;2;1;0;1;20300;20000;0;0;1;1;0;0
579440;2343;38;41;0;1;0;1;0;3000;3000;1;0;0;1;0;0
22470;307;98;26;0;1;1;0;0;300;300;0;0;0;0;0;0
15650;664;45;42;0;1;1;0;0;800;800;1;0;0;1;0;0
5990;141;-45;-27;0;0;0;0;0;0;0;1;0;0;0;0;0
5660;118;59;95;0;0;0;0;0;0;0;0;1;0;0;0;0
5550;44;-31;-12;0;2;1;1;0;4300;4000;0;0;0;0;0;0
60490;788;129;70;1;1;1;0;0;600;600;1;1;0;1;0;0
17370;379;-42;-26;0;0;0;0;0;0;0;0;0;0;1;0;0
1480;7;-54;-82;0;0;0;0;0;0;0;0;0;0;0;0;0
20090;74;-78;-62;0;0;0;0;0;0;0;0;0;0;1;0;0
10100;295;-35;16;0;0;0;0;0;0;0;0;0;0;1;0;0
60710;782;92;79;0;3;1;2;0;4800;2000;1;0;0;1;0;0
7810;236;-76;-46;0;0;0;0;0;0;0;1;0;0;1;0;0
1034700;1837;33;-6;0;1;0;1;0;2000;2000;0;0;0;1;0;1
31310;504;47;6;0;0;0;0;0;0;0;1;0;0;1;0;0
54750;233;-38;-40;0;0;0;0;0;0;0;0;0;0;0;0;0
609620;2344;11;-22;0;2;2;0;0;900;500;1;0;0;1;0;1
25460;412;-14;-2;0;0;0;0;0;0;0;0;1;0;1;0;0
9680;139;14;-48;0;1;1;0;0;700;700;0;0;0;0;0;0
6390;138;-29;-36;0;0;0;0;0;0;0;0;0;0;0;0;0
36910;455;6;-18;0;0;0;0;0;0;0;1;0;0;1;0;0
19860;732;9;64;0;1;0;1;0;3000;3000;1;1;0;1;0;0
2820;25;10;-38;0;0;0;0;0;0;0;0;0;0;0;0;0
53380;108;-13;-8;0;3;2;1;0;1700;1000;0;1;0;0;0;0
8180;273;-28;12;0;0;0;0;0;0;0;0;0;0;0;0;0
536260;1733;2;-4;0;2;0;1;1;74000;70000;1;0;0;1;0;0
247620;675;4;25;0;1;1;0;0;500;500;0;0;0;1;0;0
21900;370;-27;-28;0;0;0;0;0;0;0;0;0;0;1;0;0
2510;17;-16;-58;0;0;0;0;0;0;0;0;0;0;0;0;0
28710;454;207;40;0;1;0;1;0;4000;4000;0;0;0;0;0;0
11230;26;-56;-41;0;0;0;0;0;0;0;0;1;0;0;0;0
29990;354;79;35;0;1;1;0;0;400;400;0;1;0;1;0;0
30650;424;29;-8;0;1;0;1;0;4000;4000;0;0;0;1;0;0
11410;250;-67;-57;0;0;0;0;0;0;0;0;0;0;1;0;0
46170;404;53;45;0;1;1;0;0;700;700;0;0;0;1;0;0
43660;281;-44;-29;0;1;1;0;0;700;700;0;0;0;1;0;0
19120;36;-24;-20;0;0;0;0;0;0;0;0;1;0;0;0;0
11390;89;47;94;0;1;1;0;0;300;300;0;0;0;0;0;0
509190;1758;-45;-15;0;2;1;1;0;2300;2000;0;0;0;1;0;1
29380;381;18;-15;0;0;0;0;0;0;0;0;1;0;1;0;0
21000;483;40;28;1;1;1;0;0;200;200;0;1;0;1;0;0
27830;190;-79;-90;0;4;0;4;0;19000;8000;0;0;0;1;0;0
17670;538;4;-3;0;0;0;0;0;0;0;0;0;0;1;0;1
91510;768;-78;-69;0;3;2;1;0;5900;5000;1;0;0;1;0;1
37580;574;33;23;0;0;0;0;0;0;0;0;0;0;1;0;0
10000;208;-62;-49;0;1;1;0;0;500;500;1;0;0;1;0;0
19340;218;18;-19;0;1;0;1;0;3000;3000;0;1;0;1;0;0
15770;549;-26;-12;0;0;0;0;0;0;0;1;0;0;1;0;0
7560;133;-34;-47;0;1;0;1;0;4000;4000;0;1;0;0;0;0
36410;646;152;142;0;0;0;0;0;0;0;1;0;0;1;0;1
87140;680;94;83;0;4;2;1;1;27100;20000;1;0;0;1;0;0
58460;540;73;1;0;2;1;1;0;3900;3000;1;1;0;1;0;1
63560;317;198;-33;0;0;0;0;0;0;0;1;0;0;1;0;0
1340;21;-42;-48;0;0;0;0;0;0;0;0;0;0;0;0;0
46380;133;6;-16;0;1;0;1;0;5000;5000;0;0;0;0;0;0
122410;902;8;9;0;3;2;1;0;3600;3000;1;1;0;1;0;1
26720;53;21;21;1;1;0;1;0;1000;1000;0;1;0;0;0;0
68600;1052;138;33;0;1;1;0;0;900;900;1;0;0;1;0;0
22090;174;-47;-54;0;4;1;3;0;8800;5000;1;0;0;1;0;0
44800;350;253;52;1;0;0;0;0;0;0;0;1;0;1;0;0
8460;223;-32;-11;0;0;0;0;0;0;0;0;0;0;0;0;0
38230;835;61;63;0;0;0;0;0;0;0;0;0;0;1;0;0
9670;277;-48;-56;0;0;0;0;0;0;0;0;1;0;1;0;0
67810;1002;153;120;0;0;0;0;0;0;0;1;1;0;1;0;0
577770;2765;27;38;0;1;0;1;0;2000;2000;1;0;0;1;0;1
38450;343;26;85;0;1;0;1;0;1000;1000;0;0;0;0;0;0
24840;609;92;87;1;0;0;0;0;0;0;0;1;0;1;0;0
45650;664;55;34;1;0;0;0;0;0;0;1;1;0;1;0;0
9010;255;-28;2;0;0;0;0;0;0;0;0;0;0;0;0;0
2160800;4518;35;57;0;4;2;2;0;5100;2000;0;1;0;1;0;0
8050;30;-81;-78;0;0;0;0;0;0;0;0;0;0;0;0;0
306400;2522;112;98;1;3;2;0;1;31000;30000;1;1;0;1;0;1
15400;24;-59;-69;0;1;0;1;0;1000;1000;0;0;0;0;0;0
9680;210;-7;-45;0;0;0;0;0;0;0;1;0;0;0;0;0
309010;983;15;38;1;2;1;1;0;1800;1000;0;1;0;1;0;0
750;15;-73;-62;0;0;0;0;0;0;0;0;0;0;0;0;0
12610;157;-61;-52;0;1;0;1;0;2000;2000;0;0;0;1;0;0
13360;383;-59;-61;0;0;0;0;0;0;0;1;1;0;1;0;0
17250;228;-11;-32;0;1;0;1;0;2000;2000;0;0;0;1;0;0
26210;619;-20;20;0;0;0;0;0;0;0;1;0;0;1;0;1
2880;92;-74;-67;0;1;0;1;0;2000;2000;0;0;0;1;0;0
32500;873;97;90;1;1;1;0;0;300;300;1;1;0;1;0;0
55230;904;57;56;0;0;0;0;0;0;0;0;0;0;1;0;0
10420;62;-85;-86;0;1;0;1;0;1000;1000;0;0;0;0;0;0
24160;362;-23;-32;0;0;0;0;0;0;0;0;0;0;1;0;0
4140;186;-67;-26;0;0;0;0;0;0;0;0;0;0;0;0;0
37110;484;17;-3;0;1;0;1;0;1000;1000;0;1;0;1;0;0
33500;231;48;-53;0;0;0;0;0;0;0;0;0;0;1;0;0
6070;46;14;-9;0;1;0;1;0;3000;3000;0;0;0;0;0;0
303610;1034;-26;-21;0;0;0;0;0;0;0;0;0;0;1;0;0
240350;458;24;34;0;4;3;1;0;3000;2000;0;1;0;1;0;0
5240;18;-96;-96;0;1;1;0;0;600;600;0;0;0;1;0;0
146840;744;-68;-46;0;1;0;1;0;2000;2000;0;0;0;0;0;0
25280;158;-54;-35;0;1;0;1;0;4000;4000;0;0;0;0;0;0
1988970;3697;78;57;0;0;0;0;0;0;0;0;0;0;1;0;0
79790;1419;39;80;0;3;2;0;1;21200;20000;1;0;0;1;0;0
59210;705;73;23;0;2;0;2;0;4000;2000;1;1;0;1;0;0
5840;102;-17;-39;0;0;0;0;0;0;0;0;0;0;0;0;0
52120;695;66;55;0;1;0;1;0;2000;2000;1;0;0;1;0;0
14020;251;50;-22;0;0;0;0;0;0;0;0;0;0;0;0;0
76610;987;141;19;0;0;0;0;0;0;0;1;0;0;1;0;0
32110;427;9;2;0;1;1;0;0;200;200;0;1;0;1;0;0
41260;529;77;13;0;0;0;0;0;0;0;1;0;0;1;0;0
10370;402;3;16;0;0;0;0;0;0;0;0;0;0;0;0;0
147520;472;-2;-6;0;0;0;0;0;0;0;0;0;0;0;0;0
16690;267;34;7;0;1;1;0;0;800;800;1;0;0;0;0;0
17500;324;21;22;0;0;0;0;0;0;0;1;0;0;1;0;0
24300;508;2;11;0;0;0;0;0;0;0;0;0;0;1;0;0
29340;294;-25;-31;0;3;3;0;0;1400;600;0;0;0;1;0;0
29550;486;-16;-13;0;0;0;0;0;0;0;0;1;0;1;0;0
15190;367;-39;-18;0;0;0;0;0;0;0;0;1;0;1;0;0
140890;230;-32;-37;0;2;2;0;0;600;400;0;0;0;1;0;0
23040;482;201;103;0;0;0;0;0;0;0;1;1;0;0;0;0
37570;539;8;0;0;0;0;0;0;0;0;1;0;0;1;0;0
48050;531;92;6;0;2;0;1;0;205000;200000;0;1;0;1;1;0
60140;800;267;181;0;2;0;2;0;3000;2000;1;1;0;1;0;0
29310;445;214;38;0;0;0;0;0;0;0;0;0;0;0;0;0
92380;514;25;29;0;6;5;1;0;4300;2000;0;0;0;1;0;0
3310;17;33;-58;0;0;0;0;0;0;0;0;0;0;0;0;0
4520;50;-82;-80;0;0;0;0;0;0;0;0;1;0;0;0;0
65930;869;125;75;0;0;0;0;0;0;0;1;0;0;1;0;0
7400;47;-68;-80;0;1;0;1;0;3000;3000;0;1;0;0;0;0
15300;295;-40;-41;0;0;0;0;0;0;0;0;1;0;1;0;0
36100;608;8;17;0;0;0;0;0;0;0;1;1;0;1;0;1
69660;362;-10;-8;0;2;2;0;0;800;500;0;0;0;1;0;1
49930;1525;43;49;0;2;1;0;1;10200;10000;0;1;0;1;0;0
43030;625;50;26;0;1;1;0;0;300;300;0;1;0;1;0;0
59640;722;98;47;0;2;2;0;0;600;400;0;0;0;1;0;0
12340;125;-88;-79;0;1;1;0;0;400;400;1;0;0;0;0;0
131820;583;-47;-42;0;1;0;1;0;1000;1000;1;0;0;0;0;0
590;11;-74;-72;0;0;0;0;0;0;0;0;0;0;0;0;0
28130;304;15;-28;0;1;0;1;0;6000;6000;0;1;0;1;0;0
15650;316;-52;-28;0;0;0;0;0;0;0;1;0;0;1;0;0
13690;147;-66;-67;0;2;1;1;0;3300;3000;0;0;0;1;0;0
32310;194;-56;-49;0;4;1;2;1;28400;20000;1;0;0;1;0;0
29790;695;121;80;0;0;0;0;0;0;0;1;0;0;1;0;0
9790;422;-4;-6;0;0;0;0;0;0;0;0;0;0;1;0;0
27960;804;95;94;0;0;0;0;0;0;0;1;0;0;1;0;0
22260;422;-25;2;0;0;0;0;0;0;0;0;1;0;1;0;0
18250;67;95;68;0;0;0;0;0;0;0;0;0;0;0;0;0
102710;1159;-11;5;0;1;1;0;0;400;400;0;0;0;1;0;0
11380;290;0;30;0;0;0;0;0;0;0;0;0;0;0;0;0
19810;209;21;-22;0;0;0;0;0;0;0;0;1;0;1;0;0
118860;1122;4;2;0;0;0;0;0;0;0;0;0;0;1;0;0
7860;165;-21;-28;0;0;0;0;0;0;0;0;1;0;0;0;0
3720;43;75;8;0;0;0;0;0;0;0;0;0;0;0;0;0
5900;63;-30;-71;0;1;0;1;0;2000;2000;0;0;0;0;0;0
4150;67;-95;-87;0;0;0;0;0;0;0;0;0;0;0;0;0
74570;308;-41;-35;0;2;0;2;0;4000;3000;0;0;0;0;0;0
18440;403;-50;-34;0;0;0;0;0;0;0;0;0;0;1;0;0
763520;2079;5;36;1;0;0;0;0;0;0;0;1;0;1;0;0
6200;211;-50;-16;0;0;0;0;0;0;0;1;1;0;0;0;0
70490;330;-38;-37;0;6;1;5;0;10300;3000;1;1;0;1;0;0
23490;748;32;63;0;0;0;0;0;0;0;1;1;0;1;0;0
498400;1647;-4;-8;0;1;1;0;0;300;300;0;0;0;1;0;0
3600;20;5;-50;0;0;0;0;0;0;0;0;0;0;0;0;0
32470;388;15;-17;0;1;0;0;1;80000;80000;0;0;0;1;0;0
9550;24;-86;-77;0;0;0;0;0;0;0;0;0;0;0;0;0
36250;361;42;-28;0;0;0;0;0;0;0;0;1;0;1;0;0
1138340;2106;-20;-20;0;2;0;2;0;11000;9000;0;0;0;1;0;0
2840;115;18;-1;0;0;0;0;0;0;0;0;0;0;0;0;0
95180;1144;122;73;1;2;0;1;1;27000;20000;0;0;1;1;0;1
4030;127;-13;48;1;0;0;0;0;0;0;0;1;0;0;0;0
18780;337;-35;-32;0;2;1;1;0;9900;9000;1;0;0;1;0;0
436650;1232;23;6;0;0;0;0;0;0;0;0;1;0;1;0;0
103460;208;-37;-29;0;0;0;0;0;0;0;0;0;0;1;0;0
52690;684;16;-2;1;1;0;1;0;2000;2000;1;0;1;1;0;0
30460;457;-39;-36;0;3;2;0;1;70600;70000;1;0;0;1;0;0
25130;455;-13;-42;0;1;0;1;0;1000;1000;1;1;0;1;0;0
4230;126;-55;-61;0;0;0;0;0;0;0;0;1;0;0;0;0
33560;590;194;111;0;0;0;0;0;0;0;0;0;0;1;0;0
15930;171;-2;-21;0;0;0;0;0;0;0;0;1;0;1;0;0
8110;29;-33;-28;0;0;0;0;0;0;0;0;1;0;0;0;0
3250;127;-47;-20;0;0;0;0;0;0;0;0;0;0;0;0;0
38590;716;32;47;0;0;0;0;0;0;0;1;1;0;1;0;0
18960;178;-38;-47;0;3;2;1;0;5800;5000;0;0;0;1;0;1
16290;463;-4;-17;0;1;0;0;1;20000;20000;0;0;0;1;0;0
17750;151;-49;-48;0;1;1;0;0;400;400;0;0;0;1;0;0
25930;631;70;43;1;0;0;0;0;0;0;1;1;0;1;0;0
2770;45;-67;-79;0;0;0;0;0;0;0;0;0;0;0;0;0
38530;952;21;81;0;0;0;0;0;0;0;0;0;0;1;0;0
54860;989;233;115;1;0;0;0;0;0;0;1;1;0;1;0;0
11440;121;-68;-37;0;0;0;0;0;0;0;0;0;0;0;0;0
17050;404;-2;-30;0;1;1;0;0;700;700;0;0;0;1;0;0
6530;266;-48;6;0;0;0;0;0;0;0;0;0;0;0;0;0
14590;865;45;90;0;0;0;0;0;0;0;0;0;0;1;0;0
31620;520;-9;-4;0;0;0;0;0;0;0;1;0;0;1;0;0
25550;451;-8;-47;0;0;0;0;0;0;0;1;0;0;1;0;0
6580;161;-75;-63;0;0;0;0;0;0;0;1;0;0;1;0;0
94190;2191;161;117;0;5;2;1;2;116500;90000;0;0;0;1;0;0
34820;550;16;6;0;0;0;0;0;0;0;1;1;0;1;0;0
6530;38;-72;-92;0;1;1;0;0;100;100;0;0;0;0;0;0
37560;493;149;61;0;1;1;0;0;200;200;1;0;0;1;0;0
130940;1397;-14;-2;0;1;0;1;0;2000;2000;0;0;0;1;0;0
6920;100;-26;-69;0;0;0;0;0;0;0;0;1;0;0;0;0
20380;162;-58;-59;0;2;1;1;0;4700;4000;0;0;0;1;0;1
1101540;1185;-7;-14;0;0;0;0;0;0;0;0;0;0;1;0;0
14770;241;-19;-24;0;0;0;0;0;0;0;0;1;0;1;0;0
25580;120;-54;-53;0;1;0;1;0;6000;6000;0;0;0;0;0;0
59820;855;100;65;0;2;2;0;0;600;300;1;1;0;1;0;0
9490;26;-60;-61;0;0;0;0;0;0;0;0;0;0;0;0;0
29990;203;-55;-75;0;3;1;2;0;9400;6000;0;0;0;1;0;0
5350;162;-49;-57;0;0;0;0;0;0;0;1;0;0;0;0;0
924910;1869;-14;-19;0;0;0;0;0;0;0;1;1;0;1;0;0
16820;244;-32;-39;0;0;0;0;0;0;0;1;0;0;1;0;0
8880;112;-15;-71;0;1;0;1;0;7000;7000;1;0;0;0;0;0
85240;140;-47;-51;0;1;1;0;0;200;200;0;0;0;1;0;0
44010;961;167;109;1;1;1;0;0;500;500;1;1;0;1;0;0
64150;872;133;81;0;1;0;0;1;20000;20000;0;0;0;1;0;0
434360;1584;-38;-60;0;2;0;2;0;9000;6000;0;0;0;1;0;1
43420;623;56;33;0;2;2;0;0;500;400;1;1;0;1;0;0
8520;254;-32;2;0;0;0;0;0;0;0;1;0;0;0;0;0
65490;735;60;72;0;3;0;2;1;72000;60000;1;0;0;1;0;0
106610;546;26;43;0;6;2;4;0;20800;7000;0;0;0;1;0;1
19170;430;-1;29;0;0;0;0;0;0;0;0;0;0;1;0;0
47370;1333;62;71;1;0;0;0;0;0;0;1;1;0;1;0;0
6790;17;-43;-62;0;0;0;0;0;0;0;0;0;0;0;0;0
54660;1287;90;68;0;0;0;0;0;0;0;1;1;0;1;0;0
11710;70;-72;-47;0;1;0;1;0;4000;4000;0;0;0;0;0;0
55570;560;54;-6;0;2;1;1;0;3100;3000;1;1;0;1;0;0
45170;557;9;59;0;3;2;0;1;70700;70000;1;0;0;1;0;0
18180;609;-47;-36;1;0;0;0;0;0;0;1;1;0;1;0;0
15010;368;-42;-24;0;1;1;0;0;800;800;0;1;0;1;0;0
100190;303;54;52;0;0;0;0;0;0;0;0;0;0;0;0;0
24500;488;-9;7;0;0;0;0;0;0;0;1;1;0;1;0;0
9640;130;-16;-42;0;1;0;1;0;5000;5000;1;0;0;0;0;0
25850;476;1;-6;0;0;0;0;0;0;0;0;1;0;1;0;0
8680;188;31;7;0;0;0;0;0;0;0;0;0;0;0;0;0
8690;251;-34;-23;1;0;0;0;0;0;0;0;1;0;1;0;0
28290;478;126;91;0;0;0;0;0;0;0;1;0;0;0;0;0
1870;11;-24;-72;0;0;0;0;0;0;0;0;0;0;0;0;0
32810;524;-3;-2;0;0;0;0;0;0;0;0;0;0;1;0;1
63190;840;115;69;0;2;2;0;0;600;400;1;1;0;1;0;0
34750;368;36;-17;0;0;0;0;0;0;0;0;1;0;1;0;0
17000;336;1;28;0;0;0;0;0;0;0;0;1;0;1;0;0
36600;341;20;37;0;3;0;3;0;13000;7000;0;0;0;1;0;0
27940;334;74;39;0;0;0;0;0;0;0;0;1;0;1;0;0
593950;1972;-13;-2;0;4;2;1;1;32800;30000;1;0;0;1;0;0
111380;952;146;37;1;1;1;0;0;400;400;1;0;1;1;0;0
21680;368;-24;-21;0;0;0;0;0;0;0;0;0;0;1;0;0
199030;1255;-30;-45;0;2;2;0;0;700;400;1;0;0;1;0;1
10590;442;223;218;0;0;0;0;0;0;0;0;0;0;0;0;0
10270;306;-31;-19;1;0;0;0;0;0;0;0;1;0;1;0;0
76560;586;-47;-41;0;5;1;4;0;9500;4000;1;0;0;1;0;0
46520;1587;25;52;0;0;0;0;0;0;0;1;0;0;1;0;0
48110;433;92;-13;0;0;0;0;0;0;0;0;1;0;1;0;0
628360;636;-37;-58;0;2;1;1;0;2300;2000;0;0;0;1;0;0
70450;1244;145;58;0;0;0;0;0;0;0;1;0;0;1;0;0
17280;394;32;53;0;1;1;0;0;100;100;0;0;0;1;0;0
22530;328;-39;-46;0;1;1;0;0;400;400;0;0;0;1;0;0
20160;317;-30;-28;0;1;1;0;0;300;300;1;1;0;1;0;0
23220;112;-53;-45;0;0;0;0;0;0;0;0;0;0;0;0;0
33780;525;18;17;0;0;0;0;0;0;0;1;0;0;1;0;0
20040;777;99;123;0;0;0;0;0;0;0;1;0;0;0;0;0
41340;89;42;12;0;0;0;0;0;0;0;0;0;0;0;0;0
2740;17;0;-58;0;0;0;0;0;0;0;0;0;0;0;0;0
372770;975;37;32;0;3;3;0;0;1400;700;0;0;0;1;0;0
7400;206;-31;-15;0;0;0;0;0;0;0;0;1;0;0;0;0
44770;770;-22;2;0;1;0;1;0;1000;1000;0;1;0;1;0;1
25080;244;62;12;0;2;1;1;0;9500;9000;0;1;0;1;0;0
27350;602;-1;25;0;1;1;0;0;200;200;0;0;0;1;0;0
32500;566;21;24;0;0;0;0;0;0;0;1;1;0;1;0;0
8190;64;-11;36;0;0;0;0;0;0;0;0;1;0;0;0;0
44080;339;-22;11;0;2;1;1;0;3700;3000;0;0;0;1;0;0
13590;359;-51;-23;0;1;0;1;0;1000;1000;1;1;0;1;0;0
36100;285;-14;-19;0;6;3;3;0;14300;9000;1;1;0;1;0;1
32310;465;31;16;0;0;0;0;0;0;0;1;0;0;1;0;0
34020;858;60;38;0;0;0;0;0;0;0;1;0;0;1;0;0
1256570;3289;86;88;0;3;2;1;0;6200;5000;0;0;0;1;0;0
34800;450;17;1;0;2;1;1;0;3200;3000;1;0;0;1;0;0
76490;1203;484;367;1;0;0;0;0;0;0;0;0;0;1;0;0
53860;346;96;96;0;5;1;4;0;13700;9000;0;1;0;1;0;0
10690;297;-14;19;0;0;0;0;0;0;0;0;0;0;0;0;0
24940;543;226;129;2;2;1;1;0;2500;2000;0;0;1;0;0;0
84510;1049;87;51;1;1;1;0;0;200;200;1;0;1;1;0;0
12000;379;-5;64;1;0;0;0;0;0;0;0;1;0;1;0;0
28500;337;-26;-22;0;1;1;0;0;400;400;0;0;0;1;0;0
9980;295;-20;18;0;0;0;0;0;0;0;0;1;0;0;0;0
13120;19;-73;-81;0;0;0;0;0;0;0;0;1;0;0;0;0
31460;396;13;-18;0;0;0;0;0;0;0;0;1;0;1;0;0
53250;140;-19;-31;0;0;0;0;0;0;0;0;0;0;0;0;0
29720;482;287;195;0;0;0;0;0;0;0;0;1;0;0;0;0
16110;402;23;23;1;0;0;0;0;0;0;0;1;0;1;0;0
9090;511;-51;4;0;0;0;0;0;0;0;1;1;0;1;0;0
17370;365;-37;-54;0;0;0;0;0;0;0;1;1;0;1;0;0
1650;46;-37;15;0;0;0;0;0;0;0;0;0;0;0;0;0
64380;844;94;57;0;4;3;1;0;4200;3000;0;1;0;1;0;1
15180;48;-72;-72;0;0;0;0;0;0;0;0;0;0;0;0;0
11190;27;4;-32;0;0;0;0;0;0;0;0;0;0;0;0;0
37440;686;7;-35;0;0;0;0;0;0;0;0;1;0;1;0;0
27540;291;28;-24;0;0;0;0;0;0;0;0;0;0;1;0;0
10410;422;4;21;0;0;0;0;0;0;0;0;0;0;0;0;0
26800;94;-18;-49;0;1;0;1;0;3000;3000;0;0;0;0;0;0
9140;335;-69;-25;0;0;0;0;0;0;0;1;0;0;1;0;0
42390;356;-48;-7;0;3;1;2;0;6600;3000;1;1;0;1;0;0
11440;505;0;81;0;0;0;0;0;0;0;0;0;0;1;0;0
33900;682;7;29;0;0;0;0;0;0;0;0;0;0;1;0;0
51230;944;-10;8;0;2;0;2;0;5000;3000;1;0;0;1;0;1
27320;414;220;79;0;1;1;0;0;200;200;0;0;0;1;0;0
32830;85;33;31;0;0;0;0;0;0;0;0;1;0;0;0;0
6340;18;10;-70;0;2;1;1;0;9300;9000;0;1;0;0;0;0
5640;58;6;17;0;1;0;1;0;5000;5000;0;0;0;0;0;0
27780;386;-15;-8;0;1;0;1;0;5000;5000;0;0;0;1;0;0
532290;2055;-4;-19;0;2;0;2;0;4000;2000;0;1;0;1;0;0
3100;22;4;-45;0;0;0;0;0;0;0;0;0;0;0;0;0
14370;338;-44;-24;0;1;1;0;0;400;400;0;1;0;1;0;0
49480;579;42;6;0;0;0;0;0;0;0;0;0;0;1;0;0
12240;452;33;104;0;0;0;0;0;0;0;0;0;0;0;0;0
17610;228;5;-13;0;0;0;0;0;0;0;0;1;0;1;0;0
2780;19;8;-52;0;0;0;0;0;0;0;0;0;0;0;0;0
31800;769;295;313;1;0;0;0;0;0;0;0;1;0;1;0;1
93120;1238;-32;-38;0;1;0;1;0;2000;2000;0;0;0;1;0;0
36380;222;-32;-2;0;1;0;1;0;4000;4000;0;1;0;0;0;0
19420;60;98;20;0;0;0;0;0;0;0;0;1;0;0;0;0
28150;1047;-31;-9;0;0;0;0;0;0;0;1;1;0;1;0;0
22450;568;47;29;1;0;0;0;0;0;0;1;1;0;1;0;0
270490;865;83;78;0;0;0;0;0;0;0;0;0;0;0;0;0
189170;371;9;22;0;1;0;1;0;1000;1000;0;1;0;1;0;0
192650;1185;-8;-14;0;4;2;1;1;27100;20000;1;0;0;1;0;1
20040;402;60;61;0;0;0;0;0;0;0;0;1;0;0;0;0
105810;958;-27;-26;0;3;1;2;0;14900;8000;1;1;0;1;0;0
576200;1558;15;-22;0;6;3;3;0;21300;8000;0;1;0;1;0;1
18470;505;-38;2;0;0;0;0;0;0;0;1;0;0;1;0;0
26620;356;-18;-15;0;0;0;0;0;0;0;0;0;0;1;0;0
41120;132;-21;-43;0;0;0;0;0;0;0;0;0;0;0;0;0
31810;514;27;3;0;1;1;0;0;100;100;0;0;0;1;0;0
54920;801;102;70;0;1;1;0;0;200;200;1;0;0;1;0;0
10890;283;16;-9;0;0;0;0;0;0;0;0;1;0;0;0;0
23040;318;-39;-28;0;2;1;1;0;1300;1000;0;0;0;1;0;0
109110;417;6;-54;0;2;2;0;0;1300;800;1;1;0;1;0;0
48130;1330;163;163;1;0;0;0;0;0;0;1;1;0;1;0;0
19220;149;-34;-33;0;6;2;4;0;10700;5000;1;0;0;1;0;0
57010;535;144;14;0;1;1;0;0;600;600;1;0;0;1;0;0
34110;408;112;70;0;3;2;1;0;5300;4000;0;1;0;1;0;0
40670;608;-19;-17;0;1;1;0;0;200;200;1;1;0;1;0;0
4040;92;-57;-72;0;0;0;0;0;0;0;0;1;0;0;0;0
12150;361;-36;-29;0;0;0;0;0;0;0;0;1;0;1;0;0
35830;407;54;-13;0;0;0;0;0;0;0;1;0;0;1;0;0
8390;33;262;-65;0;0;0;0;0;0;0;0;0;0;0;0;0
28360;181;-60;-80;0;2;1;1;0;3800;3000;0;0;0;1;0;0
11730;336;34;13;0;0;0;0;0;0;0;0;1;0;0;0;0
23630;294;-20;-29;0;3;3;0;0;1800;900;0;0;0;1;0;0
4600;105;-63;-58;0;0;0;0;0;0;0;1;1;0;0;0;0
4790;21;-94;-82;0;0;0;0;0;0;0;0;0;0;0;0;0
13070;189;13;-23;0;0;0;0;0;0;0;1;0;0;1;0;0
9260;266;-23;8;0;0;0;0;0;0;0;0;0;0;0;0;0
1950;19;-26;-52;0;0;0;0;0;0;0;0;0;0;0;0;0
13740;218;-55;-42;0;0;0;0;0;0;0;1;1;0;1;0;1
82480;172;-34;-21;0;1;0;1;0;1000;1000;0;0;0;1;0;0
5930;120;-65;-54;0;0;0;0;0;0;0;0;1;0;1;0;0
121870;935;-15;-26;0;2;2;0;0;900;500;0;1;0;1;0;0
24750;548;-8;21;0;0;0;0;0;0;0;1;1;0;1;0;0
36940;375;48;-25;0;0;0;0;0;0;0;1;1;0;1;0;0
28780;1294;-18;26;0;0;0;0;0;0;0;0;1;0;1;0;0
26120;341;62;39;0;1;1;0;0;400;400;0;1;0;1;0;0
8330;113;-19;-69;1;0;0;0;0;0;0;1;1;0;0;0;0
836500;2313;55;19;0;4;0;4;0;19000;9000;0;1;0;1;0;1
34980;296;-29;5;0;0;0;0;0;0;0;0;0;0;1;0;0
20340;271;16;93;0;2;0;1;0;202000;200000;1;1;0;0;1;0
19810;364;-34;-12;0;0;0;0;0;0;0;0;1;0;1;0;0
14350;36;-47;-47;0;0;0;0;0;0;0;0;1;0;0;0;0
39880;342;15;21;0;3;1;2;0;2800;1000;0;1;0;1;0;0
13200;505;6;102;0;1;0;1;0;9000;9000;0;1;0;0;0;0
94110;314;-76;-58;0;0;0;0;0;0;0;0;1;0;0;0;0
4720;26;73;-35;0;0;0;0;0;0;0;0;0;0;0;0;0
44640;743;58;54;0;0;0;0;0;0;0;1;1;0;1;0;0
28060;470;-14;-11;0;0;0;0;0;0;0;0;0;0;1;0;0
6260;98;-26;-42;0;0;0;0;0;0;0;0;0;0;0;0;0
34140;792;19;0;0;1;1;0;0;500;500;1;0;0;1;0;0
273200;2387;89;71;0;2;1;1;0;3400;3000;0;1;0;1;0;0
2610;39;5;-2;0;0;0;0;0;0;0;0;0;0;0;0;0
3840;13;60;-68;0;0;0;0;0;0;0;0;0;0;0;0;0
17300;367;-40;-27;0;0;0;0;0;0;0;0;1;0;1;0;0
59840;696;124;7;0;2;1;1;0;6300;6000;0;1;0;1;0;1
32600;880;224;153;0;2;1;0;1;60500;60000;1;1;0;0;0;0
8820;280;-4;-10;0;0;0;0;0;0;0;0;1;0;0;0;0
2930;408;-77;67;0;0;0;0;0;0;0;0;0;0;0;0;0
20610;274;-18;-33;0;0;0;0;0;0;0;1;1;0;1;0;0
10160;278;-5;15;0;0;0;0;0;0;0;0;0;0;0;0;0
30110;1068;199;207;1;1;0;1;0;2000;2000;0;1;0;0;0;0
3890;46;81;15;0;0;0;0;0;0;0;0;0;0;0;0;0
974430;1828;20;20;0;2;1;0;1;20600;20000;1;0;1;1;0;0
50840;719;46;32;0;1;0;1;0;7000;7000;0;0;0;1;0;0
17730;134;97;-38;0;0;0;0;0;0;0;0;0;0;0;0;0
19370;63;-49;-20;1;0;0;0;0;0;0;1;1;0;0;0;0
6940;186;-39;-17;0;1;0;1;0;2000;2000;1;0;0;0;0;0
31250;430;-16;2;0;3;0;3;0;4000;2000;0;0;0;1;0;1
936850;1737;24;17;0;2;1;1;0;2600;2000;0;1;0;1;0;0
2270;78;-82;-69;0;0;0;0;0;0;0;0;0;0;0;0;0
26630;785;25;27;0;0;0;0;0;0;0;1;0;0;1;0;0
8790;53;-91;-91;0;1;0;1;0;3000;3000;0;0;0;0;0;0
5690;100;-53;-59;0;0;0;0;0;0;0;0;1;0;0;0;0
25940;233;-31;-37;0;5;1;4;0;15400;7000;1;0;0;1;0;0
8760;133;-59;-33;0;1;1;0;0;600;600;0;0;0;0;0;0
33760;568;-7;35;0;3;1;1;1;81500;80000;1;0;0;1;0;0
14140;200;-39;-50;0;0;0;0;0;0;0;0;0;0;1;0;0
159910;2345;12;23;0;3;1;2;0;4400;3000;0;0;0;1;0;0
44500;660;49;59;0;2;2;0;0;1100;700;0;1;0;1;0;0
31290;117;-52;-41;0;0;0;0;0;0;0;0;1;0;0;0;0
59210;175;-54;-61;0;0;0;0;0;0;0;0;0;0;0;0;0
11720;178;-39;-47;0;1;1;0;0;700;700;0;0;0;1;0;0
452730;1349;-34;-31;0;3;0;1;2;64000;30000;1;0;0;1;0;0
15300;242;-2;-4;0;1;1;0;0;400;400;0;0;0;1;0;0
12580;120;-73;-74;0;1;1;0;0;600;600;0;1;0;0;0;0
73930;94;-55;-76;0;1;0;1;0;1000;1000;0;0;0;1;0;0
12070;296;0;20;0;1;1;0;0;100;100;0;0;0;0;0;0
15030;484;-5;22;0;0;0;0;0;0;0;0;1;0;1;0;0
9980;170;-54;-13;0;1;0;1;0;1000;1000;0;0;0;0;0;0
9530;178;-24;-29;0;0;0;0;0;0;0;1;1;0;0;0;0
244480;1576;11;12;0;3;2;0;1;51200;50000;1;0;0;1;0;0
48240;565;187;116;0;0;0;0;0;0;0;0;1;0;1;0;0
20860;470;180;131;0;0;0;0;0;0;0;1;0;0;1;0;1
20380;338;-24;-22;0;1;1;0;0;200;200;0;0;0;1;0;0
373180;1246;-32;-14;0;1;0;1;0;2000;2000;0;0;0;1;0;0
22130;390;-10;-7;0;2;1;0;1;30300;30000;0;1;0;1;0;0
23050;428;-19;-32;1;0;0;0;0;0;0;1;1;0;1;0;0
3020;29;-53;-40;0;0;0;0;0;0;0;0;1;0;0;0;0
4080;19;73;-52;0;0;0;0;0;0;0;0;0;0;0;0;0
69230;955;162;106;1;2;0;1;1;34000;30000;1;1;0;1;0;0
28360;781;7;68;1;0;0;0;0;0;0;1;1;0;1;0;0
10220;408;-62;-14;0;0;0;0;0;0;0;1;0;0;1;0;0
21060;588;-37;-36;1;0;0;0;0;0;0;1;1;0;1;0;1
1018360;2263;-19;-12;0;0;0;0;0;0;0;0;0;0;1;0;0
95050;860;-16;-22;0;2;0;2;0;5000;3000;0;0;0;1;0;0
4120;67;-40;-59;0;0;0;0;0;0;0;0;1;0;0;0;0
7510;141;-15;-24;0;0;0;0;0;0;0;1;0;0;0;0;0
21760;391;-25;-11;0;1;0;1;0;1000;1000;1;1;0;1;0;0
25050;353;-7;-19;0;0;0;0;0;0;0;0;0;0;1;0;0
9870;360;5;14;0;0;0;0;0;0;0;0;1;0;0;0;0
2920;16;13;-60;0;0;0;0;0;0;0;0;0;0;0;0;0
32620;718;0;17;0;0;0;0;0;0;0;0;0;0;1;0;0
52510;917;23;39;1;1;0;1;0;4000;4000;0;0;1;1;0;0
127010;1388;-30;-22;0;3;0;3;0;9000;5000;1;0;0;1;0;1
47670;507;40;-11;0;0;0;0;0;0;0;1;1;0;1;0;0
134640;611;-41;-16;0;0;0;0;0;0;0;0;1;0;1;0;0
9360;157;-69;-68;0;0;0;0;0;0;0;1;0;0;1;0;0
10360;131;76;-49;0;0;0;0;0;0;0;0;0;0;1;0;0
58190;419;158;-14;0;0;0;0;0;0;0;0;0;0;1;0;0
2052510;3635;55;46;0;1;1;0;0;800;800;0;0;0;1;0;0
27200;402;118;61;0;0;0;0;0;0;0;1;0;0;0;0;0
13320;153;-52;-68;0;1;0;1;0;3000;3000;0;1;0;1;0;0
27040;347;-3;-26;0;1;1;0;0;200;200;1;1;0;1;0;0
166180;448;-30;-19;0;1;1;0;0;400;400;0;0;0;1;0;0
58570;481;110;0;0;1;1;0;0;400;400;0;1;0;1;0;0
124850;1014;191;53;1;0;0;0;0;0;0;0;0;1;1;0;0
14720;33;-70;-79;0;1;0;1;0;2000;2000;0;0;0;0;0;0
24880;527;85;37;0;0;0;0;0;0;0;1;0;0;1;0;0
108750;384;96;-56;0;4;2;2;0;6200;3000;1;1;0;1;0;1
32050;645;7;56;0;1;1;0;0;300;300;0;1;0;1;0;0
22640;691;32;60;0;2;2;0;0;400;300;0;1;0;1;0;0
14460;271;-42;-40;1;0;0;0;0;0;0;1;1;0;1;0;0
7660;221;-32;-9;0;0;0;0;0;0;0;0;0;0;0;0;0
46740;553;27;29;0;6;3;3;0;5800;2000;0;0;0;1;0;0
31220;530;13;10;0;0;0;0;0;0;0;0;0;0;1;0;0
22610;242;193;30;0;0;0;0;0;0;0;0;1;0;0;0;0
6360;274;-51;-16;1;0;0;0;0;0;0;0;1;0;1;0;0
122030;211;-42;-42;0;1;1;0;0;500;500;0;0;0;1;0;0
38060;486;357;189;1;0;0;0;0;0;0;1;1;0;0;0;0
15930;177;-57;-29;0;2;1;1;0;2600;2000;0;1;0;1;0;0
7040;37;-8;-26;0;2;1;1;0;5500;5000;0;0;0;0;0;0
19920;400;-15;-15;0;0;0;0;0;0;0;1;0;0;1;0;0
47600;763;78;68;0;0;0;0;0;0;0;1;1;0;1;0;0
32070;138;-36;-23;0;0;0;0;0;0;0;0;0;0;0;0;0
96080;433;60;92;0;0;0;0;0;0;0;0;0;0;0;0;0
21520;477;-32;-5;0;0;0;0;0;0;0;0;1;0;1;0;0
19240;370;-43;-31;0;0;0;0;0;0;0;0;0;0;1;0;0
7970;44;-32;-15;0;0;0;0;0;0;0;0;1;0;0;0;0
4580;91;-72;-50;0;1;0;1;0;1000;1000;0;0;0;0;0;0
3680;22;44;-45;0;0;0;0;0;0;0;0;0;0;0;0;0
35200;93;-55;-48;0;1;0;1;0;5000;5000;0;0;0;1;0;0
12750;235;-10;-10;0;0;0;0;0;0;0;0;0;0;1;0;0
80100;867;150;35;0;2;1;1;0;1500;1000;0;0;0;1;0;0
207930;614;-6;18;0;2;2;0;0;1000;700;0;0;0;1;0;0
117040;328;-57;-45;0;1;0;1;0;2000;2000;0;0;0;0;0;0
57860;383;95;92;0;2;1;1;0;4700;4000;0;1;0;1;0;0
36410;519;46;4;0;0;0;0;0;0;0;0;1;0;1;0;0
19660;644;-16;36;0;0;0;0;0;0;0;1;0;0;1;0;0
5680;127;-43;-64;0;0;0;0;0;0;0;0;1;0;0;0;0
210960;773;-44;-35;0;1;0;1;0;5000;5000;0;0;0;1;0;0
10870;220;-51;-40;0;0;0;0;0;0;0;0;0;0;1;0;0
50890;602;42;69;0;2;1;0;1;70500;70000;1;1;0;1;0;0
25090;383;78;30;0;0;0;0;0;0;0;1;0;0;1;0;0
430310;1955;92;37;0;2;1;1;0;1200;1000;1;0;0;1;0;0
60930;866;101;72;0;1;0;0;1;10000;10000;1;0;0;1;0;0
37590;1115;146;153;1;1;0;0;1;40000;40000;1;1;0;1;0;0
42350;1625;70;144;0;0;0;0;0;0;0;1;1;0;1;0;0
195950;1913;38;40;0;4;3;1;0;2700;1000;1;0;0;1;0;0
25200;318;-20;-40;0;1;0;1;0;1000;1000;0;0;0;1;0;1
26470;37;-8;-47;0;2;2;0;0;900;600;0;1;0;0;0;0
22210;658;-48;0;1;0;0;0;0;0;0;0;0;1;1;0;0
87260;2457;275;258;0;1;0;0;1;80000;80000;1;0;0;1;0;0
41970;592;220;130;0;0;0;0;0;0;0;0;0;0;1;0;0
4410;76;-23;53;0;0;0;0;0;0;0;0;0;0;0;0;0
24530;626;180;226;0;0;0;0;0;0;0;0;1;0;0;0;0
15300;293;-2;15;0;0;0;0;0;0;0;0;0;0;1;0;0
23600;704;-31;-26;1;0;0;0;0;0;0;1;1;0;1;0;0
11320;472;-6;56;1;0;0;0;0;0;0;0;1;0;1;0;0
362360;575;122;93;1;4;2;2;0;10400;7000;0;1;0;1;0;0
10220;434;-45;-14;0;0;0;0;0;0;0;0;1;0;1;0;0
96760;1125;197;84;0;0;0;0;0;0;0;0;0;0;1;0;0
10330;35;-11;-32;0;0;0;0;0;0;0;0;0;0;0;0;0
229070;2597;30;51;0;2;0;0;2;100000;80000;1;0;0;1;0;0
7340;166;-53;-54;0;0;0;0;0;0;0;1;0;0;1;0;0
80210;525;18;32;0;3;1;2;0;2700;1000;0;0;0;1;0;1
8030;224;31;42;0;0;0;0;0;0;0;0;0;0;0;0;0
29500;794;119;106;0;0;0;0;0;0;0;1;0;0;1;0;1
36020;487;15;18;0;1;1;0;0;400;400;0;0;0;1;0;0
19520;211;-2;6;0;2;1;1;0;3200;3000;1;0;0;1;0;1
28660;471;-3;-6;0;1;1;0;0;600;600;0;0;0;1;0;0
31430;484;-10;-11;0;0;0;0;0;0;0;0;0;0;1;0;0
18160;378;-43;-41;0;0;0;0;0;0;0;0;0;0;1;0;0
13540;437;-20;-21;0;0;0;0;0;0;0;0;0;0;1;0;0
31390;362;39;-26;0;0;0;0;0;0;0;0;0;0;1;0;0
36430;500;-31;-16;0;2;0;1;1;94000;90000;1;1;0;1;0;0
6690;163;-3;0;0;0;0;0;0;0;0;0;1;0;0;0;0
35370;656;41;5;2;1;1;0;0;200;200;1;1;0;0;0;0
15160;180;-33;-55;0;1;1;0;0;500;500;0;0;0;1;0;0
25710;258;-74;-74;0;1;0;1;0;7000;7000;0;1;0;0;0;0
93510;1375;86;120;1;3;2;1;0;5700;5000;0;1;0;1;0;0
4400;120;-57;-36;0;0;0;0;0;0;0;1;0;0;0;0;0
285990;1109;67;62;0;1;0;1;0;6000;6000;1;0;0;0;0;0
9340;148;-18;-34;0;0;0;0;0;0;0;1;0;0;0;0;0
195510;321;-61;-57;0;1;0;1;0;6000;6000;0;1;0;0;0;0
918020;1759;-36;-34;0;2;0;2;0;5000;3000;0;0;0;1;0;0
3510;27;-22;-35;0;0;0;0;0;0;0;0;0;0;0;0;0
1547010;3060;55;38;0;3;1;2;0;6500;4000;1;1;0;1;0;0
19680;288;121;37;1;0;0;0;0;0;0;1;1;0;1;0;1
12220;249;-54;-42;0;0;0;0;0;0;0;1;0;0;1;0;0
498960;1447;30;17;0;1;1;0;0;900;900;0;0;0;1;0;0
39770;870;218;248;0;0;0;0;0;0;0;0;0;0;0;0;0
26370;524;73;119;0;1;0;0;1;30000;30000;1;1;0;1;0;0
9660;511;-4;47;0;0;0;0;0;0;0;0;0;0;0;0;0
24790;236;-31;-17;0;1;1;0;0;600;600;0;0;0;1;0;0
148160;1282;1;0;0;2;2;0;0;1300;900;0;1;0;1;0;0
49410;74;-33;-69;0;2;0;2;0;6000;3000;0;1;0;0;0;0
12080;310;-22;10;0;1;0;1;0;4000;4000;0;0;0;1;0;0
93190;439;82;-53;0;4;1;2;1;81400;70000;1;1;0;1;0;0
2970;19;0;-52;0;0;0;0;0;0;0;0;0;0;0;0;0
48650;73;-51;-51;0;0;0;0;0;0;0;0;1;0;0;0;0
18600;29;60;-42;0;0;0;0;0;0;0;0;0;0;0;0;0
1323740;1405;7;-2;0;1;0;1;0;3000;3000;0;1;0;1;0;0
40420;269;-42;-31;0;0;0;0;0;0;0;0;0;0;1;0;0
18490;451;-34;-4;0;0;0;0;0;0;0;1;1;0;1;0;0
30750;508;-4;-21;0;0;0;0;0;0;0;0;0;0;1;0;0
9890;183;-29;-31;0;0;0;0;0;0;0;1;0;0;1;0;0
11540;285;-8;14;0;0;0;0;0;0;0;1;1;0;0;0;0
13880;507;-22;11;0;0;0;0;0;0;0;1;1;0;1;0;0
65800;1634;300;255;1;0;0;0;0;0;0;1;1;0;1;0;0
34360;730;10;39;2;0;0;0;0;0;0;0;0;1;1;0;0
9710;248;-72;-57;0;0;0;0;0;0;0;0;0;0;1;0;0
17200;262;47;14;0;0;0;0;0;0;0;1;0;0;1;0;0
18040;317;95;43;0;0;0;0;0;0;0;0;0;0;0;0;0
155540;363;74;79;0;0;0;0;0;0;0;0;1;0;0;0;0
49520;405;60;49;0;4;0;3;1;72000;60000;1;0;0;1;0;0
15290;436;75;47;0;0;0;0;0;0;0;0;1;0;0;0;0
34390;646;6;22;0;0;0;0;0;0;0;0;0;0;1;0;0
12650;214;52;27;0;0;0;0;0;0;0;1;0;0;0;0;0
161390;314;49;65;0;0;0;0;0;0;0;0;0;0;1;0;0
7680;253;-59;-60;0;0;0;0;0;0;0;0;1;0;1;0;0
10280;228;-12;-10;0;0;0;0;0;0;0;1;0;0;1;0;0
23020;669;27;40;0;0;0;0;0;0;0;1;1;0;1;0;0
18970;301;-27;-38;0;1;0;1;0;1000;1000;0;1;0;1;0;0
10370;134;-44;-6;0;3;1;2;0;6300;4000;1;1;0;0;0;1
1582550;2545;23;1;0;0;0;0;0;0;0;0;0;0;1;0;0
22060;275;64;8;0;0;0;0;0;0;0;1;0;0;1;0;0
9050;17;-79;-81;0;0;0;0;0;0;0;0;0;0;0;0;0
2440;63;-10;58;0;0;0;0;0;0;0;0;0;0;0;0;0
43860;947;52;20;0;0;0;0;0;0;0;1;0;0;1;0;0
1910;87;-48;-20;0;0;0;0;0;0;0;0;0;0;0;0;0
5310;287;-58;15;0;0;0;0;0;0;0;0;0;0;0;0;0
570400;1892;-17;-7;0;2;0;2;0;11000;7000;1;0;0;1;0;0
5510;157;-40;-29;0;0;0;0;0;0;0;0;0;0;0;0;0
4200;74;54;85;0;0;0;0;0;0;0;0;0;0;0;0;0
10530;177;-67;-60;0;0;0;0;0;0;0;1;0;0;1;0;0
3110;23;6;-42;0;0;0;0;0;0;0;0;0;0;0;0;0
28210;83;8;30;0;1;0;1;0;3000;3000;0;1;0;0;0;0
71730;1093;149;122;0;0;0;0;0;0;0;1;0;0;1;0;0
15570;41;-16;-19;0;0;0;0;0;0;0;0;1;0;0;0;0
202640;588;-33;-41;0;2;1;1;0;4300;4000;0;0;0;1;0;0
27420;400;-4;-11;0;1;1;0;0;700;700;1;0;0;1;0;0
10820;426;8;22;0;1;0;1;0;3000;3000;1;1;0;0;0;0
15600;548;67;83;0;0;0;0;0;0;0;1;0;0;0;0;0
3990;231;66;98;0;0;0;0;0;0;0;0;0;0;0;0;0
1061760;1443;-3;0;0;1;0;1;0;3000;3000;0;1;0;1;0;1
10140;176;12;-5;0;0;0;0;0;0;0;0;0;0;0;0;0
19040;50;7;0;0;0;0;0;0;0;0;0;1;0;0;0;0
31240;836;-7;-9;1;1;0;1;0;2000;2000;1;1;0;1;0;0
6800;224;-79;-47;0;0;0;0;0;0;0;0;0;0;1;0;0
16840;318;-28;-17;0;0;0;0;0;0;0;0;0;0;1;0;0
372380;1264;-26;-9;0;0;0;0;0;0;0;0;0;0;1;0;0
35290;754;-16;-36;0;0;0;0;0;0;0;1;1;0;1;0;0
2970;50;-95;-87;0;0;0;0;0;0;0;0;0;0;0;0;0
47980;382;-26;-32;0;3;1;1;1;38600;30000;1;0;0;1;0;0
22300;55;2;17;0;0;0;0;0;0;0;0;0;0;0;0;0
40610;672;22;25;0;0;0;0;0;0;0;0;1;0;1;0;0
28350;467;-19;-15;0;0;0;0;0;0;0;0;0;0;1;0;0
1180;14;-57;-65;0;0;0;0;0;0;0;0;0;0;0;0;0
28900;692;0;-13;0;0;0;0;0;0;0;1;0;0;1;0;0
6010;329;-36;5;0;0;0;0;0;0;0;0;1;0;0;0;0
39410;1146;12;9;0;1;0;1;0;3000;3000;0;1;0;1;0;0
90160;425;-48;-39;0;0;0;0;0;0;0;1;0;0;0;0;0
1630;26;-72;-44;0;1;1;0;0;800;800;0;1;0;0;0;0
182210;1766;63;63;0;6;1;5;0;17800;7000;0;0;0;1;0;0
27670;305;283;53;0;0;0;0;0;0;0;0;1;0;1;0;0
31320;407;35;-13;0;1;0;1;0;2000;2000;1;0;0;1;0;0
26660;486;-1;12;0;0;0;0;0;0;0;0;0;0;1;0;0
10150;326;-25;-3;1;0;0;0;0;0;0;0;1;0;1;0;0
2940;123;-72;-68;0;0;0;0;0;0;0;1;0;0;0;0;0
